,Channel_name,Vid_ids
0,Tina Huang,"['sS09Q-rKjos', 'A3x0gYW42Ts', 'egBzpILuNhA', 'SQNzij5m_Yg', '8tpha6FIa_k', 'UvqN3bAv0pM', 'O90PZJUljOA', 'jd9lEAqkp9Y', '9rGweuLdook', 'oJDlPIVJZbw', '0QFh1expGNs', 'Dw_ko_L232M', '_xf1TMs0ysk', 'uQmjcGGCPGA', 'dFApiK0kpUA', 'd_RtvjDJGbY', 'QKqjV6L5VRY', 'aBkt_gIUP_c', '64OHAH0NbP8', 'vKsaO5IetS0', 'CL3GWyofdXY', 'SrJzxalevjY', '_WHNz0pcEZw', 'FYCXI0-S3Ug', 'QlFV7LNPBEM', '0nBqRVNSIOg', 'deIUUboTeig', 'tF2h9UaRx7w', 'Zk_w_qCnQnU', 'KAVw910mIrI', '8_B2XA9uaGI', 'mtgt1ElOo0U', '_5jlPHUWvpQ', 'wKrxoau0NwE', 'uJE_nOIetgE', 'INymz5VwLmk', 'DoFZtsV25Zw', 'sOZ8MxFw8TQ', 'XPYT8BaTqoA', 'YUQ18uSrwqE', 'qSlGASiJV_4', 'dq_WCdTlPtU', 'yVj2pkeoy54', 'ZI1b8YHR6M4', '5QfjIZb9rJM', 'invk7t5YgcU', 'q6_9mdCkQhE', 'doBZSrFxLeM', 'AID4juOgYpk', 'xZi8cHzBdGE', 'yAwG8DoTmjI', 'AMSTAEbkqzo', 'PYFFskfQM2w', '52ErSpBX0F8', 'SIsjD2bxuoc', 'MHPGeQD8TvI', 'pgHwk5HvHmI', 'GMq8Y9vdJyI', '_EzmbCuoFcU', 'jMVOtD1kwJI', 'cvTpocrPNlo', '7HMCEwu5oY0', '7M-f-PwfUds', '5YaIegbrq5o', 'EHYv-9qSMBg', 'M52Cjh3Dil4', 'C9o0oiAJFLA', 'q10BfdliUdM', '71RVNeseKZw', '1jZ1JnbqYQw', '5wMl5FM2swo', 'Du6kk8IJAu4', 'Axu4tJl8gbM', 'zLaymr5jjMI', 'kHOVWiZKpHM', 'Y6q9TTOOyy0', 'mqc46gdNs4E', 'ndPDXX78wcM', 'C8iL4V-y1Qs', '_77TxNGR21A', 'ZSXjj0HW6Kg', 'vx-x-yXXE9I', 'qH7rq7p8N5s', '7LDKpNLsBpc', 'OFJIRSsoK5A', '27zOn3IJB_M', 'BADhEALNVUA', '1u1GT4sdvdA', 'AOtHIF3N0cQ', 'WDhgOCoPT-g', 'lCi6fWuI8r4', '5ILM65Yi9LA', 'n9OTXvYaP5k', 'eAgv2-XBIac', 'Td-cmLfQ7uU', 'rd1HKwJT6GM', 'kO_LUVkKdJM', '2goqyY5XBeI', 'wQJUI8dSWNQ', 'vaD3ZFFNwhM', 'mueI-I7Suxw', '-zQ-Pf491bQ', 'Rx1i1J4m4MQ', 'JUkSeqe1eYQ', 'KsQU_3n0IYE']"
1,Alex The Analyst,"['gCg47n_TlFc', 'sW5LoDA1ssM', '4nsdARJGzJ0', '_QvQxm4dptI', 'HX2TabgkzHo', 'gP-AxNi6uxo', 'KB2CtEDrglY', '2HfSFdPEFRg', 'g0m5sEHPU-s', 'Q7i6zxHVj2Q', 'ddn-2r1j_OU', 'Pf-9pjJK1e0', '-bSkREem8dM', 'xKdtP3IZbnU', 'GsAXOr715AU', '2JnlQ8jwWbE', 'hNTNZ00cZig', 'gz2j5NBESSs', 'opJgMj1IUrc', 'yRWkSKRYCaI', '_jmiEGZ6PIY', '4A8LV6fObYA', 'MPENhkuSo0Q', '3irO29PJQHs', 'uHJFJUIYNAo', 'gMAHXrty6wI', 'BIUFr9srS78', '_eZRkmRfVTM', 's3JmRxs53W4', 'yDG5KiiOZcQ', 'Z7hPEwCzk2s', 'XRPyj7cKVsQ', 'lH7HfwUFnYA', 'zOR0-nygfDE', 'A4SVUF-fTwc', 'FnTunxd8tAM', '-_z_aphWSEo', 'pL0jEjeM5hI', 'eg_5EAUXs5o', 'ebjDwX8sUMk', 'f6qxxtWkaUg', '6xv1KvCMF1Q', '465x3JmMJYU', 'Ns1ZpTxQnUE', 'HiOtQMcI5wg', 'CUa30M_FPhk', 'DKrSgSy6F1o', '_zxPx1PQCqI', 'UGF49YZZRNc', 'aLp-6C-p-T0', 'ocdwh0KYeUs', 'iPYVYBtUTyE', 'dMHWOhgzUhU', 'A-LkxegXFX8', 'RJw-GSXXguA', '8rO7ztF4NtU', 'QILNlRvJlfQ', 'SVv0WwPzaUg', 'qfyynHBFOsM', 'm1KcNV-Zhmc', 'IZRe0nwkuXc', '9RRQtNnq3s0', 'qewHAdfzLOw', 'bHssBHfHWmU', 'A4OVjWeVb10', 'SIseim20_Dc', 'NrBJmtD0kEw', 'wnapnTAMj68', 'duMcYRtQITA', 'QG1fo7LFesA', 'pYRG5X7110M', 'NViKsiGP4TY', '1gdKC5O0Pwc', 'GQj6_6V_jVA', 'RF0LE3hYFrI', '8o-O6pR6yAE', 'eFDbE5Yunj0', 'D9bNctNnAig', 'VsztBAEtC7c', 'T3KMZoXrVTQ', 'tJaDicmRW7s', 'hfRcaRw_atI', 'aPDOGxrONy0', 'w25ZjL0OqT4', 'EWPeAXrF3zg', 'ru0Xdvxd37Q', 'BAVPAYWAoC4', 'whgwEwA5SHU', 'K1WeoKxLZ5o', '0HRgbb1PcDQ', 'D6XNlTfglW4', 'MQ5UUNjWgug', 'JikLVP9DkPs', 'yzqpYs7dIqY', '7uH7_DThtX0', 'GGLF2jLo8J4', 'BGBXnNvWdQ4', 'PurMLMKNX0I', 'pvxNYyJuiqA', 'rZpfNh28nFI', 'brxnKIy6Cek', 'ySq0cgkZiX4', 'aJ9Q10v8Nrc', 'C2ik_qR5GOU', 'mLUzFXPPa4I', 'XmFhpoS6Etk', '1xT68oeQTd0', 'eTsHJoMmhYQ', '8SolrjsGqzE', 'SKsjWzzz4mY', 'Z2AachB309o', '_gP-DH0iZLw', '-Inc1be4zSg', 'CsMh7Ykmnw4', 'ho2vzKPAD50', '5MZo2RoS8Yo', 'M2ySRYpo9S0', 'ncXgqGePvwI', 'ywZXpfdqg1o', 'IqQCBytyATo', 'MpIi4HtCiVk', 'G4syHs3M82E', 'appOFpF2pFg', 'B2SPC3Wz1R8', 'fUpChfNN5Uo', 'Dk7he_yEs4U', 'LJtFgnHGAos', 'ziurEoqEcO4', 'rLKC--8UYSw', 'sua7xKN0cPc', 'fweZQqB0nwQ', 'oXAwKZWfbW0', 'bhnrIforc7s', 'tYBOMw7Ob8E', 'Twusw__OzA8', 'lYKkro6rKm0', '9URM1_2S0ho', 'qzZU6LAtIig', 'LXwfzIRD-Ds', 'A9TOuDZTPDU', 'PyYgERKq25I', 'RSlqWnP-Dy8', '9o9loJpG-t4', 'Lacbh0VoT3g', 'oZKs2xMbXQE', 'N8f7NtDpbxA', 'wcKzdRVsMOw', 'Ns-8Jsa3mEM', '4rfr6A3lO-Y', 'OTq2NRy_AGs', 'ya28cb3zFGE', 'Hsi2BG0SOiQ', '6lQzbk6_OTw']"
2,Andy Sterkowitz,"['WE-UBkfUlyE', 'y76O-18U3OM', 'UVFh6tL54xA', 'FwOHjZiJtTo', 'AOGxYOtgHwE', 'RYE0QQKJI9o', 'jzaz7oH15IU', 'mw0LGzIKvoo', 'ueXjGMrmn8k', 'bdrcME3cry0', 'oFGtvGKIii8', 'btEAdL1Q2_Y', '7NaeDBTRY1k', 'qBedDXc1fUc', 'JlmJV979_pM', '4nOV65PsmbM', 'nUqwvfXMs0U', 'SoqXyrTtang', 'Baj7GlH7Y1E', 'XkGIQpVX9PU', 'ZOwgNA_zKnE', 'vrmKwQ-JPTA', 'zivngNtLiuY', 'lBhqv9-u8Fg', 'qZ2ZvdXpX2w', 'NmGinyWG2lU', 'PJmXuyatLEw', 'X11n19tQJNI', '7i7xDPr7X-Y', 'jBgeBgEEoFs', 'w5zvh6UThwE', 'Hfx6abgccWg', 'SCOY4MPpuyI', 'ERSfUCUsmOs', 'zv34qmGMDAo', 'kdDZFpJQkzY', 'uXCHDtBypgg', 'ePK0w6C2CEI', 'MPBWUV3RQ3U', 'GOdyt07HTyY', 'B63j1X72zmo', '_Cb7SDwXy9M', 'FtJHPhyHsC8', 'yI2j9ZNOOBk', 'B7J8Idx3hyY', 'gLWS5bSshAY', 'GlpHGWe6Sg4', 'roumzWd4XJU', '-f6nUN2u-EE', 'ZQQu4eamObI', '9uDbYSBrr3o', 'ClDCGRk1Ipg', 'NN1oN0-1M4A', 'OPtdGwaPDGk', 'galglRxph_o', '3sLZP4TSYTA', 'kHyCHqVDYTk', 'anHbfyKtgp4', 'ARZlkT-uWKs', '2ogJYkBmq4M', 'rfVd-r79OL4', '7hTtnWlN4SM', 'DQEVZ5efnO0', 'M_HmVm4D2B8', '1dhPjQlTDek', 'jnLtRv67T2M', 'FzSlY-NRcMs', 'OwuAf0m9yU0', 'LP6gnyi_HmM', 'uCMiGt_ueRw', 'Ceg3vT6Ndzk', 'wBw_y8HNJBM', 'GvLjhHKZUkg', 'nZNUHo_jmdk', 'oqsOhRdE9rA', '7D53fp8_exw', '-xeb0dRpeo0', 'sYjEzOIa5JI', 'oEL6lAdAe_M', 'LhuB2FmYcGg', '_i1Nzi2eHzM', 'dyEcPKkELyw', 't1fVpHNQc_w', '7-s9cK7g9LM', 'YBYmhWlk8o4', 'nNzuXbILw0M', '_nT4R8f5nTI', 'DeqnZIV9Ef8', 'YX9T4V22j-Y', 'LwwQoGC5s5U', '33Tq7_tvHyo', 'tutguTOhRpE', 'D8gfgpEzRRY', 'nIL1ENKDqmM', 'lQ_rGCL17EE', 'wUkulHMhdxI', 'sCtVC9TfttM', '9GHtSbRX3dY', 'GOQRbVtbFrM', '8jMJf33_l7o', 'HJtNUW6kk1E', '98Jygztrp2o', 'PypCLoqAzqc', '4HHQhptFyB0', 'LNC-rItYT8E', 'afop7R5h5vw', '2mOgMkSFLiA', 'Fy8STRx8oxk', 'GiUDWx9NpMU', 'jXMi4cfqEjk', 'GG1BCzpiNsc', 'anfszzl3GpA', 'yMaqpCQ8VM0', 'mzsBqJcsE7I', 's4uS0n9uuwI', 'ne76jVf6MZ4', 'l7ByJtQ8bv4', 'leOX1ehXHNM', 'd7nxcC9i6t8', 'IHQ-UUj0bxs', 'yXIL5CjQJdQ', '488LKEqvRt0', '2-ePXrJZ5Oo', '3DyXlJh_vQw', 'VAkio68d51A', 'fBLZx1IpJ1k', 'LhKsjeHkmz8', 'U9kvBsBs2RQ', 'vfqvzgkYYF0', 'twkSa_x_8-I', 'KZSgHIIIM5E', 'OkopoZGJ8ck', 'DprclCY586w', 'ZjZ8bsIkiSo', 'opiRbgDml24', 'tTKy_9sQ_c4', 'YEpmJ1FEpzM', '_tj95lHttGo', 'XHJhUFa4K-g', '3kzHmaeozDI', 'ELBD9RO8q8U', '6Z5nHeEyjcc', 'ndA_AwYtkvc', 'hhm5L_JoVZc', 'vsXR0I7h3lw', 'M8ZbgDzN-qk', 'l1eB-7bR_TE', 'eG7cPN1uRAA', 'MxxAc9a4ILU', 'B-sh_ncnDUE', 'TPUhOqsul3U', 'NEg-crUGXIM', 'C9Oax_TQaok', '-loQsPYMnk4', 'pEnJR8SmmXM', 'AGHhPG9DVBg', 'JlLGcZtfxA4', 'Nny7Vjry1PI', 'R5cmMOYuU0A', 'OVtJLxIYlxY', 'pgCXz2k_Ji0', 'QVbbhpr4nAE', 'Mi8bptpUqto', '9prJuFyYMMU', 'ltJ1Y8EmBWg', '62tsiY5j4_0', 'tBrBlhG1Xcc', 'zfkw87ckFnA']"
3,Kevin Stratvert,"['wcjj5_FpYq8', 'lOmKuYMwjsk', '4QkmEVkMHKc', 'tRZGeaHPoaw', 'RMS3lej9D5Q', 'qjXyTY7dmJM', 'sD1I190wnMw', 'W68wtRC5dd8', 'fgwGJCBSy8s', '4TdV_bDk6FQ', 'Fz-MkBodFz8', 'NJE-O2yzVj4', '5r0c7Lx2CaQ', 'XuXy1wCkNog', 'QFNbPeGCBqo', 'OpNnMH6iY4A', 'HfwMo6M1XzM', 'qHaZYN5uINc', 'EEksPdEc7aI', 'Y8xhrUa3KH4', 'JblXRikRCAM', 'IrHsdp4jpmw', 'bcD5eMB6sp0', 'WkBJPxmXzuo', 'GhOyjXKPKaY', 't0OfvIHZcVk', 'DLbxGSjZqeo', 'rz_Qkt3jBDA', 'tHPzbBtDNvY', 'XaT2UZ_sanw', '3vSVZ8V2O-o', 'zQYyy13gtLY', 'QJzrXj6CsbE', 'h0nxCDiD-zg', '2TKOyxY2DW4', 'AMH38LNONoU', 'beeNMoXuxPg', '_U84fVpFOmU', 'gSn5JtS53BI', 'c9oxk9W7FkU', 'GNlm8N7G9dg', '5q1ARrpOk3Y', 'uaxEaeRT6DA', '7uAbuWlU0Dg', 'OjShmC6Y_is', 'qi5vRkCX6A4', 'fnkCukHRBVE', 'LmKUxgSIADU', 'zq49V4KEJHs', 'GrVflPPpfDw', 'C3QUKwITVcw', 'pA-LfKCo6U8', 'zlFZYSA3-Fs', 'Awkrjo8egjo', 'J3d6bx3i4l0', 'gaGlBhp8Sjw', 'rRzkFyd417Y', 'HzhduMsfOHw', 'ZltM5thhAFU', 'IGAcKLa1GIA', 'WfzWDGoqrv4', 'fFWl1tjYJSg', 'ij69iW6C2s0', 'oOUf-yD2jUs', 'ZsMdXlPIgYs', 'AYXiV-YYlhU', 'ovgWN6YD2ws', 'LX-S1CX1HUI', '5A-9Ymoj3FE', 'Xkoo1LRMcRk', 'EIcsIEYICVU', 'RswaXcWWCo0', 'xhuwo-q0fEY', 'HXU7lsd0ftA', 'IJQHMFLXk_c', 'KG7Ih_Yf-fg', 'fg2JvYheg74', 'bN564nrkb3o', '497RRIkU38E', 'DdHbK2Pl-XI', 'VIQIGs02veA', 'ZJWZ9udqFAU', '7KXrLkghRfg', 'vXA4YOYBYkk', 'Z4D6Uo4MtYQ', 'BHRKXDmv9eI', '6hMxzxhuD2A', 'h1NnCf67W1M', 'odwoUUwq8kk', 'oD8vbbCKPQg', 'BMXQ4yD0KMc', 'EmXreg0TpC4', 'O4qdXIRlOm8', 'sLOjYaYUaQc', '1dmUggAKzEI', 'qdezE6KguGU', 'fsL57bvd7Pk', 'MTlQvyNQ3PM', '6JhbY8Mku1A', '7UEdYkExwTo', 'rM7csJQtmPQ', '2ij-xXHDzCk', 'vh2jdOQ5VLs', 'r1PNRf_cPqc', 'UAUfMwjqZnw', 'ckvnyy5XyDs', 'hrwUUbaUUOg', 'k99pSedIYas', 'fMOBpjjgDFM', 'N4NGegeYNLM', 'K0LGjAdfX6s', 'ZgY_rxm1J6U', 'ZJR3-UtmoUU', '_DTI-9DnV_g', '2Bjo40Hkd8Y', 'OrCs36S3w3w', 'kfqpFKdDVMU', 'gEXyOpbS-0Q', '7u5mQ6rfows', 'H6N73_ZcQNE', 'PYcMlT_UKuA', 'c7crgJhNWJk', '1DsrniDGOJQ', '9IlVkGulqAQ', 'xaPrTTKGImk', 'iB8PK2POssE', '3zS25g_NhcY', 'waG_JhBgUpM', 'NvGVEmkEokU', 'HkiifH6gYcY', 'NGXBYeSyJh0', '3F7XPfwY16c', 'IX2LS3oYouY', 'wN13OaIpgR4', 'tbphPD_uzYw', 'GHzWVjwNH1s', 'b24MrdQX6zM', '87cqwadac6Y', '26sc2oiMh7Q', '3g1CSG5zvQ0', 'oxkjQm4isVk', 'QaQw3-bE61I', '6BU_ELSsDLc', 'IqpfM2ttxds', 'tJpU6wXI67U', 'i9ZMhmRIjZg', 'ad7ZfXa3bQw', 'il7YS7Dx228', 'U4GpOlExK98', 'yzJ2VyYkmaA', 'hjbieUTTZKI', 'zA1lTpykb1c', 'xnRyb6ggrDA', 'rLWXlc1BW-I', 'VR5vI_s5sFQ', 'b093aqAZiPU', 'RzyrRkGrks0', 'Gu1Tpdss5Co', 'P4lhaSV40no', '6ZPbO7oGBpM', '4Ia3ZwIPuBg', 'E9j1amxFWDA', 'I4T-FGZo7zo', 'pRSLYvqU-tM', 'ycBW5dO0UZ0', 'jmY1Z95Hthk', 'kvfd-G1zs2A', '6cYpJJxvZMc', 'DZEPA9UhLBw', 'UD9e-gQCQsE', 'rB_IiYbOo7w', '3uJd-_JpG1w', 'xjx-y7N8XJI', 'sUVgX9MBUzo', 'ubmwp8kbfPc', 'lm25iKi1spY', 'kYzgtDTf8ow', 'ImSBKHZBSnI', 'XGD0eGfKwlE', 'vgfTUk7_Fxk', 'FcvR0-Uf87E', '1vCua6RGfA8', 'EUp7clOLqQE', '3I64TeJ4iNI', 'IQ_KpBC8fwo', 'cvf0VmmQ3IA', 'UywHb0rOHVI', 'JDacnlHhgjQ', '2RzCbd5XgJg', 'pA3O00G1wt4', 'zHlQ-IDvses', 'BsXzeEEpMvU', 'MkvvohqgHlE', 'tzJ1dZBGpUg', 'YoX_O2Dkeps', 'fuO3w3Vl-PU', 'mlyFIGWkRho', 'wQuRomdiJ58', 'X0J-nO74ELA', 'Gnr7bZQcEWU', 'ZzVAZHH1AQs', 'VDDPoYOQYfM', '5fDrI79FyGM', 'rFlpV5lynCE', '7DHjtQgOnSs', 'hXYHlJpBFUk', 'mpdF5PFkNN0', 'yDNX7V0eZ8U', 'g6zYF7fbJk8', 'UEABW3ddZkc', 'DMfsilBhW7A', 'nCNri04lHaI', 'WjwZTRve3Zc', 'ySENWFIkL7c', 'ZIRnxZYv_jE', 'kt7rfydMCRY', 'gdrxAoqfvbA', 'CznI71noIOE', 'AEEGsTSNuFs', '3LvZsU7ui70', '0aeZX1l4JT4', '1G51dz5Gt-g', 'EK4C1vzmGEU', '5nrxp7lc0so', 'mRTQxVauzr0', 'UguJiz9AYM8', 'TvwXigY0z1k', 'k18AlamWwWo', 'LicfHxvAlXI', 'dxWUH-JgcP8', 'w4fFdKSpTcY', 'SN32Sl7PH8Q', '7Q5yoITiG7o', 'PCMcyYAtRzw', 'A1pCXcuXlDo', '9TVmdFtmbbo', 'edABo0VnHK8', 'ZW_9FwBArDw', 'skMb7B_2JYI', 'AOPa7ORJj4Y', 'w10VrtEJ8ts', 'DOXzMHXif6U', 'DD6Ts7L85tQ', 'eRG8MiLPUxk', 'w_NOLTAzDaQ', 'FJaICKh5kR8', 'lMFZ9N58kMk', 'LxgheItBIzQ', 'zcITARGg3CQ', 'm5emTYD6uH0', '7nPuWYC-wFs', 'Vb3JlDOeJX0', 'VWUxQ3S8S_A', 'hSwvhG5pq_U', 'Nl5AoLusNR4', 'yehTuL441vc', 'kkoWe3s4xjE', 'AMM80BnIgU8', 'asPva2q6ELY', 'sNacQr4jeYg', '2dSARj-lJmY', 'oij_C7wKIP4', 'zdZCGln8yus', 'dwqg52dlbvc', 'sMy-T8RJAo0', 'xKQKw_hCqko', 'EaS2Ooe9BNc', 'vowBdnioYXY', 'Ti2Xoyk5FUQ', 'jJ994OGGjYc', 'MGIgxeIcdkc', '3qc68x859FA', 'HPFhFbw4J-c', 'J7iXt9fLI2U', 'w2I5m1YWM38', 'FxQvsCBpNAw', 'RRxQQxiM7AA', 'C7NnbSNDgco', 'S2sCNNz_Idw', '-wlCZMYq3X0', 'oDeHjYevtiY', 'UikBRfd2XMA', 'ezkvNhnQkcs', 't6yQwLuoO3w', 'Xa-lx5bLF5o', 'W8yCbTlBb0I', 'EGSdLXs_s8U', 'yK4lAkPh-Bo', 'tiGz6payjNg', 'kwSqtNvT7to', 'ivaja7-MprQ', 'TmhQCQr_DCA', '47AwkWZVCxU', 'qsdYmQbXXtY', 'dooaJNiSarc', 'zepTA6Axb38', '8OeETNVoO94', 'smdC25YKhzk', 'szbFDKVHkOM', 'qBXcIw9JQ-Q', 'wNOZRa089-U', 'GeJ6n-tSL_0', '_O5egg9JUOQ', '7Y-eKur822k', 'sX-PQBVjqRE', 'dDO4Y4aDYXw', 'p1iD21BIs8w', 'xSWtRyJpfik', 'vmDlXKWr5x0', 'OrYYQvPilSk', 'A5Q-e9gw9NM', 'slq8qcqvPUM', 'ke4DIsLW2HE', 'FvFpH4ZLda0', 'gDZD-HZoTGA', '30GORuYqfbs', 'oVhVDa5gUmk', 'RT7oWhmLtJA', 'DlVadtJ4wSA', '46PxopP7ReY', 'fGMYvHrIB6M', 'JCTpb9yeGfY', 'kKQLnF-2d9c', '647C4gZt9Fo', 'vFQLanK7Gi4', 'eBDinBWvVxs', 'MCc56WuQMjk', 'RlgFS5C8-OI', 'AKlSgQAchj8', 'aCED-f1FztM', 'yii4M5204SE', 'f2mtp3SEWEg', 'U5EuHY2KDdY', 'BtiVbY7lhqw', '8bF-CSd4HgM', 'KgNliKyVY2Q', 'PgyNPKiFbiE', '8t11Ak86eO0', 'JHHN3d5vw60', 'ZdMMpALMhKA', 'Z9S_2FmLCm8', 'd_iD5PLgr08', '6vn3CCuejJs', 'ZUttvpJMq8E', 'sbzFRRUFGQ4', '6aZ55-UI89o', 'dZLuo7fmqAE', '-LbzfQj5dUw', 'QB4_pBlpPwM', 'To2EHXgqcJc', 'UOVU6qQ2iOM', 'Z4I-bg2KgIA', 'zRZpmkIn5Ac', 'DmmCPsYVyuU', 'O8Y1vlfpbEU', 'Z0JwgwySvag', 'KCi7z-bJJXw', 'F4rWS93-Wbs', 'pC1kLG_Mbds', 'ARQkc-HzKhI', 'XiKPKrWGgf4', 'klvFlrA2E2A', 'Hp3XGClXjBY', 'pGmdfUL5mGU', 'ouFKWHQMxtQ', 'sDBX7XyngRI', '_LUcrGAZgcI', '0M5d5lmOvSU', 'B5eTrwlIZtE', 'QKmrDUJFRkM', 'OxfukizkyCA', 'rA3ZsY2vJfw', 'Ewr7fpHiRvE', 'YwhfTc4uK9Y', '490hWSaqJUg', 'TpzSQoQ0hjU', 'sfTFJUZ4trc', 'DALQ7XR1Yv4', '4ZoKfj_UwEU', 'WYgZWs3Nqqs', 'jrEZMDhf4Qw', 'C0yqZY5Brdc', '-kXofb4ISYw', 'T5vSDAX1HjY', 'F670BbnfAo4', 'Hk9ZZuvBPrQ', 'nuNwAu74xwY', 'if4i55JB58M', 'nyc0B3_vq1Q', 'uwogenOawFc', 'RYYe_Y-99fU', 'RtDQDbPTd9E', 'jBDiEz-hlnc', 'e0h1yBJdAKg', 'ilDdErOabZQ', 'xDUlDhPv1RE', '_gchw1awO7I', 'QR04owFaJy4', '97LNbvxVqDY', 'oSNuRasYl60', '1Y2ZQqEHQGM', 'CeAZCHlW0ZU', 'Os4AKh6v-i4', '2mzGsJtJvLc', 'x31M6qlv0R4', '0i07w2w7d44', 'gxTNbc5WkSQ', 'eCdMsOr_Uvc', 'GZWT1VxTxAA', '8KZ-eKKsc10', 'WG-WjMlc4ME', '5w86HR8RsG8', 'Cw6a3b5QoAs', 'X4k77veybI0', '3o11OlLgYDo', '525FRQwpnQA', 'IpXvS3_S0BU', 'XKyBU4YHbl4', 'zSwI4mgEYtg', 'U_7j7O6pAe0', '9eEv6bCtLmc', 'e7xGuGqgp-Q', 'E9P5eZm1AoA', 'Ac2KETythUE', 'D8JV3w4TOVw', 'hjnQ937cg8g', 'rrBKH55YqLE', 'NpFSsovHgVo', 'kHRc-3rMCg4', 'Lj54ZKiOjVE', 'aThwPl-HdPo', 'yj_s3cdfVDY', 'TSNuB_fdVMs', 'uyj_OljPlcU', 'rGwhSC3At-M', 'uSiJNrD5Ez8', '5MY8GpE8Frw', 'DuQyKM7_V-Y', 'mVJsm_000c0', 'LgsqmXKHsUg', 'XKJyun5et_0', 'IX7DLzFMLpk', 'x0Uvtq3yp6g', 'cYhNu10PCJ0', 'je-FH_ukq6o', 'WTi_sEAm6SU', 'jgB1v74jr7I', 'ReKRdROw26E', 'G-qyX_Ri17M', 'Jp29JYGq5Hw', 'UL_4rTDC_Cc', '741ZD-uSm1c', 'FeRfu7zymkE', 'fmkBVj0XHcg', 'WrmGOvDCfqY', 'UJiPAfDt75A', 'M52Nd5lHUxY', 'zzZHXA3ZTEI', 'RaFN_o8sOGA', 'w4h5MYqoaL8', '6E_OccV6e5w', '_v1odsXkQAY', 'Jl0Qk63z2ZY', 'JJKkb7M1n_I', 'E4i2q_2ZoC8', 'LUPL4_y_HPM', '6tJsZT5K2JU', 'qGNGcoI5Lkc', 'TIfB6UDdq4o', 'eanwwoAyRTQ', 'qzjutBcGkBc', 'VtF2AgFSLAw', 'm0wI61ahfLc', 'YNLf4q-w97A', 'EpMZKJePQVQ', 'FjgogitLDK4', '2lfvB2uXvt4', 'oP393DSX9xs', 'tirNbkEXZII', '_Efb_oMgxEs', 'GmM6stksBvY', 'uL8BwstqiqE', 'NJsANA8bB7w', 'XyKhMocUmoo', 'pxrAknfPfxU', 'hG9Gj-ANqiw', 'Thfp-rkvdeI', 'mgWRF8zU4L0', 'GKXhlE9oPJE', 'yug-50ZjgkI', 'RxnR60A604I', 'KngpxNwqxEI', 'MmwQ8o2haOg', '_376umvTebQ', 'TdQ-PDgoAAg', 'eEbF_e9nLeU', 'ukDxK5ZiR5A', 'V04q_V-Tips', '8okA22yMwTs', 'YFpGMPE3E9Q', 'xrluwZk_kec', 'cKyfJIAZgbE', 'sLYI4u-Cb8c', 'aai8HTP_Z7k', '6e2zXNfhD2k', 'Ha4s4mRtJsY', 'nuly-6LrPGc', 'TOxzIeIUKjY', 'K5FCY8c4ugU', 'I3-D6dfEf64', 'L4WRfIVl3QE', 'sLk96taWRJg', 'MZBbvKt3Xfs', 'Z95ESgjxUEg', '3OSP_--hYUU', 'CrN0_7A5z9o', 'G4e-wJzKBoM', 'bezhgnQdEX0', 'CKt59QAEvLA', 'YjNPm-S0WZw', 'fUvvjdH62j0', 'SIc0Ry-toqA', 'x6NMVfE_aKw', 'NDu4Ev4PmS4', 'R5Oda7Ha5do', 'DtAZfoMFc60', 'EOsOGyIqaZs', 'IKh7wys2GDU', 'lz7umJQ8UuI', 'TTo4AvCvckY', '7C839zQT0_M', '4F1tZgwAH2U', '7Puy2fNyD-Y', 'sq9810YSpFk', 'X9z9lHH8FKA', 'JAnwcYodBrA', 'wDUuiJXnvrg', '8Es6BZpT_X0', 'YZVQ8xUlimg', 'LC5tvGQyPDY', '6kPc3PeDH84', '8vTCyN6_U9g', 'lFPFfXQ62Og', '75cuLgNeOZc', '7oRJuwT5yWM', '30_x4y2LMlg', 'KY600RfMpUg', 'EZ1WmYAQNTo', 'rBubGnzhOuA', 'H4U6Ng-jYxA', 'jRh0qhQEZmI', 'cUpUEIxZw7Y', 'XfaHEPqRNkg', '6e0CI8xFhdU', '-SkofcRWqYM']"
4,Jason Goodison,"['9s29LKfEFjQ', 'W3zU0KjgXwQ', 'fehAgOqTR44', 'kKKign_F3nI', 'MSRUZ9HHfA8', '_qno6VbMG6E', 'iVC6sw-kIIA', 'Uk7u7WmCLgI', 'Bu_j2gBAhEk', 'W4hbRkYEKro', 'RiZdHKXEMdk', 'IiNyk2xnY2I', 'TRS5UxTDerU', 'd4hXP5e7_pM', 'HB1N5xDsorU', 'jCUpMZVkTRY', 'bQni2M72PK8', 'whToxdvZ-3Y', '59X2HZCb3NY', '8tk8T-TMTRA', 'gMZO7hj2q28', '9FjwaXFy28s', '7OXa3QfJF0U', 'd0UaG05qtiM', 'A0lruXTHrN4', 'bFpZvggfF1U', 'omWmHxtH8g0', 'ADNdaRu-TyM', '_uwOmgBkmlA', '-9GG5yfIXt0', '2YkuJGFdf0c', 'B6yGVkmSP2Y', 'BYgZUjhiHWU', 'Ddr4JpeGYck', 'FWsNEeuXSiA', 'Hp6GlJGAWr8', 'gpQy6_75Xvc', 'DI2KgjYsp5M', 'XZA_s-vfGKQ', '1TYyX8soQ8M', 'D3UT2vAmQ-Y', 'g6IAGvBZDkE', 'SBzhUWgJ7cQ', 'A7tztEqmAlw', 'Hjb9sotGBjo', 'ocweEorBrmU', 'pT9mtzYCDBQ', '-IkwF_vsNOA', 'kp8vqDHH8s4', 'dX953zROs14', 'nu2ToJUV8ZU', 'hBg01TgTu5I', '19JqDPLi-t8', '00yt-CheZR8', '_2E8JPii3E0', '3rFn7QejxCg']"
5,Luke Barousse,"['tBfIh3VQX2o', 'i8PKI_zJfDU', 'lw6sPHH7twk', '5Q0gB7imNOo', 'MSlIfGSI6bo', 'NQSe-SuykJU', 'W5qAY4XidHE', '09JnFEdZe2A', 'GEBzsz8ZSXs', 'NAuuqdzC_rI', 'CC66RXeTn_4', 'aqRxZSrJLEc', 'U4vh2EClJic', 'egtF-C5WIpk', '1sQDJSQBUe4', 'NrVYzpy4Xns', 'y3TxcejHw-4', '1kU_ASADlPY', 'TeZVQ9hsgTM', 'VrdnBxx8BBI', 'W_mC_I0_fx4', 'Zcy-ND_4ydQ', 'VchXKvfCi3s', 'z5mAumgV2rA', 'cIZWgPmpRVc', '78LMtFItAdw', 'ZWqH5emDdOI', 'BEKXRqqgHCw', '3Ao2FV1r5-8', '3TBwY4VjLX8', 'aw14VK9sN2s', 'DNJfUPfSZpY', 'MfUzKeEKtr8', 'DGrszAeMZJI', 'jp-Lv_3a2VI', 'Ush_KFSKNgg', 'fmLPS6FBbac', '_r655ogzK4A', 'YZkcEtWgMGw', 'axgNfM55dw8', 'GmTD-MBea_E', 'X4DBQTl7AfI', 'hWs_q9NBBKM', 'W6N8n99htvw', '18ZYDDIgIiM', 'Vor_OkEnxAA', 'xzR4L_XYW3g', 'aULGH7zts0c', 'GZKDG2pyKhI', 'sW2w10lL1LM', 'vyPm2fOyS7Y', 'YCcC8LQ5RGU', 'AfG4jS13X5c', 'Dt2hHmTkoMg', 'p04t7Ho-DEM', 'MJOYxUU0wRg', 'WslmhWukJdM', 'MADnq-md0yw', 'NnfbVOt9IR0', 'eCN_GRRAoF8', '-3S_fS4yNA8', 'ip_HcMI0EQQ', 'UuwlySU7Hjg', 'qI0uJsLweoM', 'HvAjnpA6mlA', 'sh_EZ9MEdsk', 'xfAcErzOKN4', '9T-B7mBgYjs', '7Sdzs3fF5kw', 'HAY-3TnAi7Y', 'u5HVoEA6KVU', 'hB8Pbj870nI', 'FQiehwXLKV4', 'IdZuTave8QY', 'W_5x9mURZe4', 'sgS4TauqhJM', 'O8j7FeA9J_U']"
6,Matt D'Avella,"['H3eWYCI1KR0', 'TSrFtCgV-RA', 'PnArAiGKzjk', 'S_V4CdP6aLA', 'Up4nO4XqFNY', 'V4T9bEsDNJE', 'a8XqBEMA_Lk', 'lDIqsZQPl10', 'ZzGUDWrKsf0', 'eilGxAe9aUY', 'xY0tJAkukWc', 'OIBN3inGkog', 'GBiv5AYQrmA', '6gi6SZyMGiA', 'XozFiqE3oMk', 'BB8o8-EdZY0', '4EbItW7r3-s', 'isb4_1CopX4', '_4QLzSo_dlM', 'FwY3Q1e8DZE', 'g8Ikhzvx0MU', 'TWckb7_fykc', 'bMXTGGxrQ3A', 'bmr1-K4dfvg', 'y6jpmzJq4ts', 'rRid6GCJtgc', 'ICdS3mLcaNI', 'EGMFKk7sa5o', 'i57ejDn6HRY', 'jvUej9iVQyQ', 'RgVen6OcJMI', 'OtJ0oJFNiVI', 'wzW-TUAMIkE', 's9rtAsd-b54', 'C6gu_ABMvzA', 'IiJEd5cDtZI', 'w0kgm3Ckr0U', 'BAYw_orzBR0', 'yXohcxCKqvo', '-zwbWRUkQyM', 'Purzzv8G66o', 'REJqTXh8IwY', 'BtiQvhQF8IA', 'lTQ9tQqcTAw', 'eLl8kL3B3a4', 'efpCxGZV7Zw', 'NKYFNJMjtEM', 'nlDAPQT5d0A', 'E4NBGXtky0E', '09ZogY4ERrE', 'B0RVWU_nROk', 'E9se1YqCRaA', 'AvdW0YKw0XE', 'gp3SPyGXKuo', 'b2WYP057IOI', 'wIIGCTIpRMk', '4nX5jwa2QTs', 'lTqDWTq0PeQ', 'NlcBA8s22BA', 'TGfN9297Yq8', 'fRR2FSjVMPE', 'euXHO76FfU8', 'z2DAfhsg0I8', '2fHCOHPtGv0', 'W9XW93mdP_Y', 'QFCMs7prEB8', '1_oCgfgqFqA', 'ZPy8sgXuK98', 'JU4leSqbvDA', 'SsOhotuM-bI', 'YyaVya4YSwU', 'cNFdjP_F9sU', '6e-pH4AGXn4', '0nK1trRuq7c', '3PrCie6lvY8', 'cRpQOXV2cFg', '-624UM7g4cE', '5-IggORYVT0', 'B8yJeNa-bPU', 'jvDDPpxa-Vk', 'sb9Si5ih3os', 'kgMtMUDL51M', 'OGN0zdDWPP4', 'OFnX4beKdfQ', '8n2vL2I__WY', 'kj1hLFSORTQ', 'km4pOGd_lHw', 'C1TSpcnNtEs', 'kRr9LQ7mZ_A', 'Ysge8Pl78zs', 'go8ibd-hGiw', 'sOMLVlqzw_4', 'P1bBIxLNEX4', '9HF2AjcXurA', 'LUjTvPy_UAg', 'nB3TJbfPDjk', 'pYL8Mi-3-Cs', 'Vi9_LPCuhQA', 'lqvioBo1his', '5Lay89Tk2nk', '5nemvG_EzqY', 'F2btwUXNXh0', 'sLtki8Ezz7c', 'bfLHTLQZ5nc', 'L8aRN2HgW7U', 'YBwWdOJcQTY', '4D0HRrl2P1o', 'rHdksIEsWQI', 'ZEcniHAC9ys', 'YgB_XfudqeU', 'FY4AsFpLnDc', 'cwinvctTkWQ', 'IVzGGJHIJiE', 'UU20Y4vJp3A', 'kWBZuMjIXzg', 'lzfUPslRRHw', 'xEIRoc_WitI', '_NgA9dZC5qo', 'BZqIya_7NQU', 'tTjAAK8YsYk', 'm3aIQuMWJCA', 'h8u4clhDHvQ', 'XVL2Lj3mUj0', '4fsgqnat758', 'FGc9wcZGiwg', 'hsFefdPhL3w', 'BtNAX36j1c4', 'nhMuBEvopk8', 'xKKochuzQ4Q', 'MsSBBPeNNDY', 'XQQUo2gmUs4', 'zHMfmcIWXT8', 'Ufm0yPA-kWc', 'vCoF21OXu2E', '6WoyxyUj1lk', 'HUWxurkRwmE', 'ATDYLTnGJV0', 'qdSMbUi6Ct8', 'Um6f90guss4', '7USGrnGcFL0', 'q07lBhkQ3QY', '91chEhzCEcQ', 'ZxEppLR7Ndc', 'RFFEK_Ssaiw', 'ZVXwFgJioVc', '0UKt-odJhbE', 'D6Ygvzq2RQ4', 'jrf_dMnatW0', 'FQQPuQtIg4o', '20HZcyh90fc', 'hFfaW8053pc', '_GvvJ5qmumI', 'IH9VGh29VSc', 'LAtHvlPViJo', 'eHYD19hSrDg', '9z8_YhWoq2o', 'SILuiGIda7c', '3kbdGHavGKg', 'Vb5G5pB36ps', '9GZKraCQGCM', 'eK1fXca3-qQ', 'tG2GJZcBKOE', 'yjT1AV5HRQk', 'Inxp-um88aM', '-MXuvVVipMw', 'AXInjuTkjoM', 'DctszGUZM8k', 'cITOMzbaaMg', '9DZJeC6kmKA', 'qd9Hb2PqCk0', '8XwvroxPEYk', 'nl-tKUlSrow', 'tAZjdfkdE_k', 'MEuNVEFPCu8', '07TciShQMOM', 'iuz1NIksSys', '9A_AWDxoTP8', '7urjtL-P0ps', '0Kc6YdqVITA', 'gP6d376oq-U', '4X2fvyhIrPc', 'zKhf1xaVFhI', 'vwQGBERPYds', 'or-Z_6zonVU', '2DHE6lJcDmY', 'Tl2iixeX1FU', 'JratEChmHtk', 'Av6kETpo0u8', 'SjNB4HL1R5M', '1KQGULjBhLg', 'PWl6t4agmtw', 'xen_Kx4sFlI', '4cIDeyHBpZM', 'wN95JXN435s', 'zVcwvCL2C2c', '_FH0rQeOFSU', 'uPjIUDJQmas', 'qQ5bb5ZpGmU', 'NjR9lz-R1xk', 'VE6cbKCeFk0', 'hHzNhPdEA1I', 'mwUoedmc_ZE', 'KZxI0-y3hew', 'RVODGo4iqys', 'jzfrYaJslYU', 'EPHbUzsMN90', '6QTJUxOVwlE', 'xbfp0N5dJd4', 'PzyENavtLFo', 'IeytkvymMEo', 'prVQN4gIA5U', '93QzKBfYFuY', 'Ognr48HSZXg', 'rCLWc2--TKk', '-tzv8bK4Qmo', 'qGUNRarEOxg', 'OfJgFljmDQg', 'kUeQNiXk0pQ', '_aChl1ns9o8', 'cV5GWt26qDo', 'IGW9V2g6_SQ', 'CttGNGjwp6A', 'myX0edE-2hQ', 'REIpn7pmk14', '0CNant1p0xQ', 'LRxcLOMM0S8', 'sFxgK1SRRlk', 'GXJjbhIn7fI', 'v19ECbpizNU', 'm7XuyhZwGIQ', 's0CBDmlwNB0', '8BADhRmu4Cw', 'aRZ3rgwNBF4', 'YoP_37mCPVw', 'au7eBoRwXew', '8cWgh8zyQNo', 'XBpvoM2q1sw', 'jdLyyuXmglA', 'DSHsIOIhjJY', '79pnRLWwt7E', 'bg-OnbE4wFE', 'eVJrqHmUDm4', 'KXsqyp08dTI', 'JibWFxwOqAs', 'fb6HzimBZNI', 'PPjcH_LmQ1w', 'rgmoGTsv-SM', 'beMqpOSPp9I', 'xQXrxQDFICo', 'Hn2yCf8v-5o', 'wsuKv5kWJQo', 'p0aWGIgNVcQ', 'X5xBhECZPD8', 'AFhPq_0OefE', 'UT9GQmZHm9o', 'auowsk9OfYU', 'olbLHwM8sVk', 'wdG905fThGs', 'uUr8Q9aXyAY', 'vYPUBZFkl-g', 'YkTNk7n0yc0', 'LXSo_trfCuI', 'w7Lg0QjkAHc', 'FuZJZGVywlY', 'Rf4i8oLA9mQ', 'd8oQWF4EhF8', 'W2oU4bhaHqU', '25gvAYuVBKs', 'wDipCjx45Ss', 'Pd9mMqL7s1I', 'Bsv5thSW0XQ', 'Dt4bNX-3wZQ', 'J0AMLKNncxc', 'Wb0R2Y-i2BY', '9OLc7T7Aucg', 'PXYq4d1pctw', 'lLq2EK1kcl0', 'gXB7NvuC66w', '9aR4san-Gpc', 'NgKBOD447ng', 'XOJKElQ_yDs', '4P2j3g8S3qY', 'Qg96M6mV7no', 'na1-v7KN2SI', '66tnzHFSYr0', '7KgDqRhSM-s', 'frPNDNNsmcY', 'ZdpV_SWbw_Y', 'l8xVHqebZPI', 'YrP59JOJSw4', 'MpYN3U7PLcU', 'fYdFqObzNkQ', 'dgVJhLykv8A', '_1St0VbJJUE', 'E8jKSFVBovE', 'pExR7zzWABU', 'LTjV4V4NR-4', 'ybFfXz9TxHM', 'VLClAfJc6IY', 'YvJUvwww3Eo', 'KFlmCnIgj6c', 'pjZw1g6VMQs', 'pXU5tchdarU', 'q27rbHRwNhM', 'FeW98lfCb0c', 'neUG0J9fGYU', 'Z6t-zrhRD5U', 'Rv88d23HZug', 'h268LoN1u_o', 'KR0lG2pAqwA', 'Rw83fGWQHXw', 'fV_DS_JT-no', 'IKnZR9ybtm4', 'JBN2YxKHK8E', 'kW06ND4uhmk', 'WNAy8DAaHsY', 'hHrwqutP2No', 'iLReR42-8Hw', 'zhR833_fEMs', 'tS-QYN_5-T8', 'pc2hI2ha-aM', 'rx0ohvQFQuU', 'GIuzBxFMoE4', '9QNErS31peI', 'rqARmtbo3KA', '41dcDEajLTU', 'tSAbUJhy8gM', '70WRF-jfOCA', 'Rg6sRKc3dtM', '7rfTN3zRH84', 'JFwWMm6hO3s', 'I5yf69Qfz5o', 'HZvsS9PdEn8', 'ZizWb4DJNTw', 'SPYJJrCwops', 'NG05xNgfuv4', 'yTJ-zsRfmEI', 'AVGnTHHLFaM', 'Swxs3i6xdJU', '_CwF0X7kIHs', 'k_ZwCibcBGU', 'piZN-uTNKzA', 'wJxy1m2DIQw', 'D-u_tqtZU-E', '_n5Nq4unupc', '0TjCJ5TbqwY', 'Oihcy1nvDBs', 'kU5PdQVyw6E', '0KV5DHJhlDk', 'bJJLTD-Z6WE', 'PKZeeoTTCXc', 'WZ_JnguqSLw', 'M52qBQat9fc', 'fFirwr2PH4s', 'TDE4e5PX9_Q', 'gkUCDH1ZiGc', 'dPFGUiQkPJE', 'fyg9obnHnLM', 'VNcrAbaaRYY', 'Af2jXR1f-jQ', 'Hw-82PJxS1g', 'vKvg9gM6INc', '3UIcOFNal0E', 'ktPpZn4_fSw', '3H-CDpSbUkE', '7CgfGeF-xW0', 'E0znQ3HRa4k', '7whxAy9LwSM', 'uciHeje-WhI', '9GQb5YAC-ew', 'x21U2oXF_dc', 'h_BziMeDhXI', 'Zd3SPTUbD6o', '5-7n9ijKELw', 'lFi-Ca_BKAw', 'wFIuZhOxG6c', 'xABlffPjtf4', 'lA24iOssQKs', '6RHM5kQOnXE', 'ioBqz-oU7mk', 'mLbUpvB7DBY', 'uePUjmja0nw', 'N5Hz38NK1EU', '4_VQ44Sl79E', 'rKcQ4KErQGs', 'LDFXix6GT_M', 'QqG-B0TZbbw', '6Iw7X_Qlxug', 'VEqRDQsELG4', 'zHW9HsLlBHA', 'FHR7YIzm0gM', 'DXeFuOSsDk8']"
7,Ken Jee,"['QMP858aZcow', '0ItYIoOrrUs', 'KzTFoUbThvM', 'bBJd0oPdNak', 'Yk-unX4KnV4', 'z0_xrtFdFj8', 'vVpkXEIn-q0', 'aipz4p7GDL4', 'iPdO9MwdcLE', 'YPph59-rTxA', '-2U2CMYom00', 'KEeUR8UDy-s', '0jTtHYie3CU', '2RWwN5ZT4tA', 'rEWPqw6rMGI', 'o-wsyxWbPOw', 'xpIFS6jZbe8', '-zbLpoJVBMI', 'scSc6YSanQ0', 'FqNpDNmpcEo', 'vwvdtXMcNzI', '2qVWurPFwfc', '35g8fCi-kbw', 'n6MiRgxN5iA', 'ammCGdzSoag', '15c7WD-lKUY', 'TjGFBQC27ng', 'qUK5Vk4NvBw', 'cnqTU6eJwH0', 'k8YxyrcAXJs', 'VvnOXDCVm8k', '68GGPK3WaqI', 'S4Lei5mOppc', 'tG_UW_p0UqE', '143WWA5Sy9k', 's1gD35Z4eUc', 'nrEJGGxcoTc', 'KfpOuSH9gDc', 'sICJ6a2wX5g', 'iiSZqsQKNX8', 'IoUWD1h6xUs', '7JCterBrcvk', 'KU__lDJj5iU', '8nTmuKI2oyA', 'SaWxVk7rDp4', 'n7kjelw9s2w', '8Pi36Nj6P9A', 'hOUrxTeBJQc', '-ONQ628CXKQ', 'sHRq-LshG3U', 'EMq4PH7PCeA', 'BlSrorP32WM', 'pPfw2fzwNiM', 'hcHSSyHbgMQ', 'ITAxTid_1YU', 'fU3DOXjwufg', 'tJI-1mHeXoA', 'SVtRsDhHlDk', 'OtqQYqRNDGI', 'uic34RTaI-w', 'GO420aMtHfk', 'KQ80oD_boBM', 'r-DR9HBaipU', 'qV_AlRwhI3I', '41Clrh6nv1s', 'YR9Faf1uZDg', 'myhoWUrSP7o', 'ji7DtgUeKCI', '4039x4r-hGE', '78LjdAAw0wA', 'yUrrf3Pm33s', 'domVw8isGOI', '_0rHU6qAQe0', 'tnpV1etgcxs', 'Uf0dO-pgOrk', 'N97MhZEp2UQ', '1Ir1NgCuI0Y', 'd6FeV8WXPWY', 'WRF_dKZ_i24', 'UpaEjBOMNqs', 'UKuK2fXu_dU', 'Ft4GVkQQtgk', 'BBDiadC8BvE', '7VcdvSyoxnc', '8Vxjp2KVHqs', 'Kq9dkZu0bpg', 'omdhf8d53FM', 'apf6A3Nstm8', 'jf3j0lWmFPU', 'g7on3Rw0Ovg', 'rLawTH--l2Y', '-pdXWmj9xxU', 'vfV4nm004VQ', 'oHUD2T_VXfI', 'uXLnbdHMf8w', '5v_ulmGv-gc', 'q6Lf2yhvluw', 'iGUiLWFDWfk', 'SsGKZe4dVyk', 'RAMxzqSMDKE', 'YbTMIxjk4hI', 'S_CuB__nsmI', 'KEBVcVwFzaI', 'vQGJvmhpq_s', 'Xgg7dIKys9E', 'UuR3nomI5AE', '6tQtwqthUMI', 'QN3wXPZSjpE', 'rdo8YBasqqA', '_rbrdNTpZGo', 'ELFGsNqZrlM', 'PWmxLYTixAM', 'I3FBJdiExcg', 'hO_YKK_0Qck', '2KkrtG5IsHo', 'QQLToUlgN7A', '6aaIbd-GpZs', 'lsXWVPzwZPk', 'AqPquogHwq0', '742LQ38OioU', 'B1g_yMKpdwo', 'zGlJ-QndG8E', '6fwyyRgZlD0', '-3d1NctSv0c', 'WnB1jsDu900', 'XjC3FPL-S78', 'txR8_jGi0Ls', '4qZINLzwYyk', 'mR2NCRgtLPE', 'mEZ1Hj5yQ-8', 'HJH0gfY6EUg', 'BZFfNwj7JhE', '_K6cNdgN3CI', '1aXk2RViq3c', 'UcilY6HDuL8', 'jam0xApfC-U', '4OZip0cgOho', 'QBIe4nbmZfA', 'KHAuuOQui2U', 'DW55gaQ_Egk', 'lUUqrRgerd8', 'ei1m5lDQyBg', '9D7GzskcyUk', 'agHKuUoMwvY', 'nUOh_lDMHOU', '7O4dpR9QMIM', 'QWgg4w1SpJ8', 'fhi4dOhmW-g', 'GmW4F6MHqqs', 'MpF9HENQjDo', '9ZwVqXUHf6o', 'a3VWq9smqhM', 'oMdVg6GPODA', 'vy-R4oUZaC8', 'XGBigjVy2Eo', 'hpMc6TgT34I', 'Fs_LG5Y8GIU', 'Ip50cXvpWY4', 'imMPnCHvbkY', '3bes4U4MHPg', 'qP0hRF-lGqg', 'aaAZXeuPIXk', 'C4OPn58BLaU', '8igH8qZafpo', 'xjhW1rSQeik', 'DM1eE_Coh6g', 'f6NPw582FFc', 'dlZWB2D-NaQ', 'foggudmDDvY', 'n3vw0M5RrPU', '2OnXytYziF0', 'Q9FjwzKFPuM', 'VN12ZPFsApM', 'WKXtTo7lqmA', '9-2OKLZfvbE', '3TrAYmrmA8o', '5SjK6YCs4o4', 'iqG59TqfFdY', 'NCyPY-jfb3I', 'DopikusDfk0', 'm5pwx3hgtzM', '74Z3F7i4qcI', 'zSwM5uVeylU', 'BXmEmIK5aqI', 'SLC5sPZSLY4', 'EAezvs0eL1s', 'k4r_NtB4JVQ', 'ZWdyBbgGZBQ', '1FrY7ARSf10', 'LGEuDWjWQes', 'fjVVtvp5X0w', '-kX2b6TF_9k', '3ysXGYjvbSU', 'akbU9KOo_Qc', '3BEtGaz70rQ', 'RRXWJVX0fE8', 'k-gin1qfzi0', 'Zz_Mx1UPswI', '3Mm1U1CbzNw', '4yI3vVe0Jos', 'pWVQ0vN5uig', 'a-Syoa9mPhM', 'yukdXV9LR48', 'XWetgrNas-k', 'yIJrCFXs0rU', 'Z9dGmL2G-4k', 'T7BQJJIGrmc', 'T77uVbLhroQ', '1Cf7SdnBncg', '3cDM9Z-fdz4', 'Yr5T3T4tq-g', 'KMOA5arCi8g', 'Z_KFh-HqaBA', '5jntoZX-Tc8', 'AxP1CL0yaFQ', 'zF_Q2v_9zKY', '4CpmB4TR2C4', '6sJEnzDjJqI', '1UjMBw_7Gi8', 'q8cEt8gj3zY', '_CS4u9cORwA', 'XTrlMQXYqts', 'smeFkHwnM_k', 'sq5TnVJWv6A', 'XoUyK3XHZHs', 'tv1e22u2COk', 'j-Z-je6K4Yg', 'sCOX5yShmFA', 'FBgs-BSTIJE', 'irjTWNV0eAY', 'RRSRKf9eQxc', 'IFceyuL6GZY', 'Y_SMU701qlA', 'qfRhKHV8-t4']"
8,Seattle Data Guy,"['yaWjk_--LoM', 'h5X3124R61U', 'goT7gN1lwBI', 'QNdiGZFaUFs', '31JExZv72Fw', 'sT0bqlNyWQA', 'p_y8z9aZzb0', 'nNR4jracHYA', 'FBxZq15pUIg', 'TDbjd6Wl6TI', '6YU7iIJxeqw', 'pkoSi8DjTl4', 'NBBsp8gmciE', 'W6RajWhWSa0', 'WC28ZHGyG-M', '8FZZivIfJVo', 'OAkHqpzNpRo', '8XDNrM2DzUE', 'P6hq5MH8Ju0', 'WpN47Jddo7I', 'njttWa08pwo', 'LxmpjeexvtU', 'qgSqLh_mhXE', '5feGsfvxhZo', '-Gk47wz1DIw', 'lSoEI8jia3Q', 'UpMBdfg2ZrE', 'W2L7Q3J-ei0', 'wuiJWSz-OLQ', 'kW8_l57w74g', '9vRfTZdbjtM', '-ClWgwC0Sbw', 'PEsCumjfBW0', 'RL6OAF4_9G8', '4NXzeZYaZqQ', 'cenOov6TvMo', 'VtnQv-CN_NE', 'BPEdtjScnOA', 'xtfuO7kGJeY', 'bqCXVpRqTpE', '03QvYEN5Yl8', 'KgdWvtppH50', 'eTtrsGc4Wd4', 'FgPKHzXRhcE', 'uEPCxBaRf6A', 'FvCInKiLJVg', 'fPZECZsrHnA', 'MjuQIdSwa3w', 'qJWZbZ5NNJ8', '5S-zb_h01U4', 'OfN6Xm-msGs', 'dfsb2xYxAr4', 'K_a14LCc_kw', 's40MptE20Tc', 'jj_9ldyCm0A', 'J6r2y8-CMJ4', '6bU658Lu2fw', 'I8ZkxvgJYxM', 'WbXUSqyMrUI', 'm9grat0RzHw', 'z_sR2CVG8kk', 'RoA7uEaLYaU', 'x9T2fmuVzk0', '30VDVVSNLcc', 'x17BZXUcYeE', 'sqEMmv9hpfQ', 'KfFm-ZQEe74', 'kAoNrYJk6u8', '4Vh6Zj5QLU4', 'b-fSLdkZVxE', 'w4CHNgAT9ao', 'SpaFPPByOhM', 'G7P258R0QOY', 'z7Ymn3Uuuc4', '3ecKZFBQDJM', 'dDFX0-4sLrU', 'ZzUjt0TfHxc', 'jpzDA90EuQ8', '9gwX6GdFSTQ', 'lGzh-QendJc', 'LJkVvNWlO0g', 'IKLJDbhHos8', 'Sj5iZTkUKmM', 'wnrP-4xU4yQ', 'dyfQoklmjAk', 'P-AAGh_6NJs', '385mKftVr3I', 'vtZba4pnGuQ', '6Zyq5G-6auU', 'xBGmJDD-dbk', 'i1dEjrFpPgI', 'B-3lkLniXwE', '0wjngjhmtJA', 'ig0Cb8G0HA8', '6humvAUVtoU', 'lVj0RlSxTXk', 'LgSHaOvNodA', '2lloOlnSzSs', '6RiA_Qur2yo', 'D1V6t--9tt8', 'X6-VNKe3XVM', 'XS-To0t9czw', 'Cuw74sW7FYI', 'Jw4Or_FiT7k', 'NPSQN9cRL3s', 'VjlzuUzYJYM', 'kSt9NV-qZkc', 'SlknN0C7NFA', 'i4VTKQZuuQw', 'ztvxmGtrNA0', '8bUBGXlcBJo', 'ZalsNP6bMFg', 'xc9C6xSX8xM', 'mo-FU0mGNx4', 'Roe2SsX3b18', '1FZ7et0pN4c', 'OnzBuzRX3FE', 'FPd7EMZ0Fzw', 'sLhInuwdwcc', '2qM3UlX8zTo', 'EWSYgkv8kaw', 't1RRvoXP3X0', 'XecU6Ieyu-4', '2bBsYmQjzSE', 'lS6CfQbexN0', 'G3kYPzLWtpo', 'g7B2FFnJ0bo', 'VrJYOItZYLQ', '1NCVy8Tylx0', 'KgHtG0OI1fg', '8cKeAH2aGVI', 'uW3PQmzvUcw']"
9,Tiff In Tech,"['u58czr0IKko', 'RJXDQpQSEU8', 'MueB2RVQ9-I', 'i7lG4t5kPWo', '7KuZbWXxc70', 'ICE5IBkH8xc', 'Iw96kBzekQU', 'djk0iopVZwo', '_PPWWFpcynk', 'r5uBVUghON4', 'LBJkgmlOyy4', '_ZnxE3bRAVQ', '7F94ctHK8ME', '8joicz1HjQU', 'KySti6fVZYQ', '1PuQqRo3jSc', 'wbPWIiwcTxg', 'bLnm29qaCBM', 'lLs5leEDA9g', 'B11jzlVCgxI', 'RGMeRW3tB0w', '51JxzaqHCYY', 'DtznxL1p2q8', '43MnYJ6cd48', '8lME0swYEcA', 'a0SQgVvTqKM', 'BLg-3EGkIP8', 'C409mDNg0iM', 'xCQvrbMqMG0', 'X3cFy5X3ioA', 'xIokcTf2-PI', 'IQu8HAdblrs', 'oMtWYNbCD48', '8zED9t_ST0Y', 'NZdfVp_4AW4', 'OELOmsf2W0c', '0gBWKmGJhcU', 'WVwaf-0_YhQ', 'nFsq-wE_to0', '3zsU0-2Q99Y', 'LxdyX9p0wrM', 'L-lfBBwzmgI', '4jYC3AIRawg', 'qxhdEUJiQew', 'fFfXlsh-Krg', '7gapLT_2Uf8', 'bz9iDB4yAhw', 'DTBs2aoGPro', 'HHrtEdRmmtM', 'VA-46Goc0e4', 'NrJmXBXGDRY', 'J8XO6YQ96to', 'PZ-liJ8HLpk', 'MMPuGFMsoyk', '9DV8G7_3x20', '8VRNSIc4VeQ', 'ySxSp9F8wig', 'kCmFNOOHVkk', 'RatESimeqhA', '_4Fg55Vz2eI', 'waPI3QWuvyQ', '1kCfV8XW1_8', 'CWgXc8sufHc', 'dS_sIzSZ7qI', 'kI2EtECU08s', 'JVkuHyZNFUA', 'XQmnxaDZGWo', 'SAqoH76MYGc', 'c5116RMYnhM', 'EtYm3c4BQtg', 'pdPKt708r9M', 'aFkb70SLBTA', 'YsHjYoLqN4A', 'yaVs4QlWUgg', 'J6KLw0mxZkY', 'jeW6D-W6GW4', '1xz_7ZfE41M', 'LLu2NCR7CFc', '2n_IebgFT30', '6DYlN9RhPX8', 'VEs0YrJyZB8', 'Yaxag5PF31c', '_lLsjtyuIBc', '-x4KfpZW1g8', 'ashc09CJEMA', 'aT-v6opTnmA', '_jEI6UbY3Kc', 'Z-9cp1uaQfk', 'sB7zLnes3lc', 'mrsJREQmXek', '6ZM6bnbVMTs', 'nX04Wu0WQlc', 'Y1ZqrC8k7Q8', '3nFU4FF_2dw', '5T6K-0EvnFs', 'TisD-ZiAd90', 'uLW-q3ES870', '8J7yLjQzCss', '-2n9OYsDB2c', 'pJGolIdbl38', 'hAhU_RZ3vJE', 'oUUePRdfhYQ', 'irv17wg-GY0', '5EUneV_IRcs', 'nZ-jZsWXlqo', '1lbyZ6L0q-A', 'nSsWSaVQ19M', 'S9QA1z8Gdp0', 'jxVynGMZXGQ', 'm80CXRp-cBo', 'YFLMQmqXMY8', 'DHGhFJZLKMs', 'TTotaG-vLZs', 'k42Ob6RcikU', '56su69vGves', 'OXr8Rc3qE00', '8TwhyUPok0o', 'ahoTwtWeqfw', 'LpPw4sPBMzA', 'Kd-3OvVnyqM', 'S9gQD9kCzxM', '97dhjifsIDg', '1_ITzdw0lLg', 'NKJFMSH4eFw', 'UT4nj23EdVg', 'q4WiBVAbNw4', 'tGH0s9nHtuQ', 'hBTvUOr0GhE', 'y6EWU7FUg3g', 'x6ZcAN8Ei9M', 'yT-cfJ1IeOY', 'O6Ep8IuvCnM', 'tP1kMNvhumQ', '2sPSu_foBzk', 'HBVM555UbDU', 'P5ld1-IUADc', 'u4DU7iUUChI', 'yM1f4VN5V0o', 'LMogelrNpB8', 'TlxoqokAlUY', 'T8jAhU88O28', 'O5VziLg4xbM', 'lS6Vbo7nZyw', 'UhkH5z2s-Yk', '4yKwWDE5miA', '2728VQqpaqk', 'Kq6z9zb1fpA', 'jxAuW2cNtP8', 'P7IR3-WXjKU', 'JVL1fOFsB5s', 'Ua2_zShxl40', 'PR76kOWLIOs', 'QWFaAVGCzjc', 'wboX61KurQ4', '2CnRgwcc5Gs', 'F0aQbvU1pWA', 'cQtqWkILq3E', 'hObLSobG-1U', 'dwg6_m51Awo', '5PxqxIh_VDc', 'wdwXygYh7V4', 'xuxTJUIi7nQ', 'LYSSeI_pC9w', 'GHlWmjVoiXQ', 'KUfhoi860jE', '8oXhO9c_gzY', 'uX0ApJXl4LU', 'tBf-vtabqkY', 'PDlX3_Fz6lU', 'hCI7CD6NEwE', '2zkEfLGeO3U', 'xZRN5qzPY28', 'PL-AwboyxRk', '4LpIZPTZeyw', 'qDC7wqkAqUk', '6kpESYT7VCA', 'LoufwpuvH88', '3j08ZBYYVHM', 'A8ldqcFS5S8', 'IqdZb6wVCuw', 'KK6rKnvkl-o', 'GY0PgF8s5Uk', '2E0iXukR7FI', 'B9ecYP0PY08', 'YQFq_2_yxOY', 'tk2JkUCpq4E', '1dB7JSdWsq8', 'EJzLyXHYivg', 'h8OSBpq1wMc', 'Z1LfRLuWUB4', 'K9o7Dlg6-wg', 'u_CFLq0UWDo', '5j_v9DldKhU', 'DYB-Ujsf2uY', 'DDTFm6eQECM', 'uAiA-KoiHP8', 'atTonZI1dr0', 'oxLGkro4olY', 'POBSa-vLCFI', 'pQpVCtagjRc', 'BxGa0DoUcRw', 'xQLczb7UvW0', 'NyOx_Dussuo', 'H09MhnZzUJk', 'bOmSkIsyVUE', 'ia8r1YbM6as', 'c5XarAM2P9o', 'FNDO2RWdh2g', 'kPcVPIjx9ns', 'tB1CismszEg', 'RpQDgSpS3RI', '9_HUFz3VShM', 'gbJCE9XvCso', 'Vvq3dzDhxpE', 'kEnLZowKS7w', 'my-j2XHFHT4', 'R3Tvi503P-g', 'queXaLR4QC0', 'Yv15nVslhng', 'tETMJmLki_0', 'hmG60HXLRiM', 'ooTrjn8RTuI', '83PkECEAbok', '-VgV11FlCiY', 'SQbbFu5snM4', 'Mt268QH4Zfs', 'OZzSYLWmTAo', 'hia7BM81sjU', 'gm-DpxMrAKY', '6p5iqbll3iY', 'OGNw89pdQiA', 'zZM9b2XFG8M', 'uD27CZEiuGk', 'nJy0pbCbeGM', 'vBxgw0dcqqA', 'fC4vz3HZmPE', 'OL7nwi343E4', 'FlwtOSRzGBQ', '0eDA2-RnoFs', 'IHSsy4b1kHY', '8Xsn4-EwYc0', '3VKxPYdzzhY', '-ym-NQq9q-E', 'N__eM5EgtLE', '7xKUjgpVVLA', 'Kj6TfUD-J7M', 'VZw1sw8wA5c', 'CUYERjDKqZY', 'HaLDXUDMYAw', 'p8P4X29ff6k', 'i3iQnW0-Ap0', 'y1H0PulVTeU', 'M2mL9DWW5QA', 'KPgjy_rK9gE', 'VotoARe12yU', '3FYBFOuZ_NI', 'mSgDzgFafnk', '3cOyikJSj9E', '2g-hmBc7tyQ', 'ROa-AbtJL9g', '7OFMHrm_8sU', '5u9XNH2Qps4', 'mfQoYsp4LC8', 'C6B8wWhBCFM', 'z9h0_QwRi4M', 'p7Vlug82_JQ', 'UMh6ho0Mpi4', 'JRLMI97bY0g', '0MvRBQ0Z6ws', 'IFUxWHnUj0k', 'cEzZETrvT2Q', 'EBgatwMwm_U', '9V4XhAeTPoI', 'sIocmqr3BWk', 'CZ3Hp-Qmcso', '9uM9Vaq5vKY', 'T07OFj3nWJo', 'deMOuGlpOso', 'xURNoGkLyR4', 'dCGH82tqb9Q', 'ad1_uf60th8', 'JdIykKy0Vfo', 'uZxjujBq348', 'UI3xhGtDlLE', 'EhrY9lB7rgU', 'Glbaeml40DQ', 'e_ZibOe77yo', 'B-JHxJM_UhM']"
10,Kenny Gunderman,"['P7On7k_pi3I', 'Wc2keUXLQdE', '5axb0wF7oKc', 'nlSgxeT2_dc', 'JiiU8VfxFIg', 'Jeo3PHKdFQw', 'Mq_HS-o-v6o', 's9iPo9YMU70', 'fgvWS7IfSDc', 'PbNkn_746sU', 'XSk3yT60ds0', 'EYzxNk0JzLs', 'vDL6TLInBMQ', 'UsnRGo4y5FQ', 'vcZGQhl73gM', 'r-Von8nlupQ', 'gCg2avzXUmI', 'FrFY6Y1MJBQ', 'RGdg-TCmldY', 'rVNdMj9dtTY', 'Zn_f6el0TKw', '06YWGaCpky8', 'xaUj-NCDu7c', '6hbejfDZHqk', 'ARqAJQo24rs', 'JdshDz1kCSU', 'vTB5FRk9vbI', 'wROcZLCeupY', 'Bw4BFcNrHXo', 'WvwwL0TwH6U', 'gXVQPhyZlaw', 'zEzlMdFOFoM', 'P0_VQskB-KA', 'nYYdmqauP6w', 'bKLx4SwuumM', 'lYSKssDhZYI', 'MvaunrpK9Nw', 'vTXzJVFelao', 'cH7BLjJ6Nqs', 'VQjmewoeSnY', '9b8cMU1Gqf0', 'HlJguNChu8M', 'Maz-ytBMmyQ']"
11,PIRATE KING,"['vDx46v7cPog', 'UWe4aMPAyvc', 'ayyANVDU_4Q', 'VMkQaTQrFrY', '7_6EknkPPv0', 'HCS_Nxo23X0', 'ZXiU9jOJpJs', 'OEha-6f1O6E', 'Y2okP32UWQ8', 'sNHdkLajH_U', '6aEUP4Zb714', 'LReuxRAA238', 'ubMId_namaM', '2LBEOHICNvU', 'zcL4oOTZv1o', 'inWusWIKVjc', 'IkpZggx4yNI', 'g2X19idWK1c', 'WpATJBl4oAk', 'ctrn5XGWk38', '5NbgbeEJ8y0', 'jld6BSQfDnk', 'qn0BY3OqaLo', 'S-vKRPLdEGw', 'yRI7z-YES5M', 'Zjl2vmy02As', 'MtX1C7clLjk', 'a-thH9a9_XE', 'c4PsIwJwe2E', 'pL1EoWwipS4', 'XcmrRloeSEw']"
12,Internet Made Coder,"['bHZ627DJmLg', 'NS80mubkB_A', 'vEQ8CXFWLZU', 'nyy_bg6IK8k', 'K2OeKGd8HCo', 'jLU52mbVB3Y', 'rwWCyXYwPhA', 'shgenxYHKrs', 'S73BVF-v0rI', 'bIjJVKmAz98', 'RwJoTlrk7B4', 'wgim_TM9zao', 'NCvI-K0Gp90', '6sGA8CRWzEQ', 'trJUReNSMSA', 'vJmANYneTQs', 'tPMb3bEuyG0', 'lpcmW7-yS4M', 'PvNOFBp9s0w', 'eiQzzMt-J3Y', 'fiHrbnT1NTY', 'JwRsn2VYzmQ', 'TcJtu_4zvFU', 'HQHTG2fj8QQ', 'EJlPIfNSFH8', 'Pm68HrrDujs', '95k4p3eu2D0', 'nLE8onwWn5o', 'Sv8ZDQFTdBE', '1myqNF7Cdqs', 'buW9OMD2QeQ', 'SWeMRVVPRUM', 'EmxMf3CY-T4', 'IoQwy1TEgyw', '-VDXBHLU8q4', '-Zj1kepwRuw', 'VqFNoxLQTQQ', 'gE5DVOfXy1s', 'tTMxd3P3HpY', 'PVVvz4o6qPw']"
13,Namanh Kapur,"['AgEoO879I04', '8eAr4w--HAA', 'VC2yWNWu-lY', 'CsrPLF_zXZc', 'csGXz2kY6Rg', 'cG2WZXPhcNQ', '9-PIFz3KmrE', 'mea5HZHekpw', 'agHgLLrgH-c', 'CadQhoBUvlY', 'VoZyN4nLVDI', 'opv7gkGwjSw', 'rTqibt4vbOA', 'k9WqpQp8VSU', 'bu1blwFrk70', 'Mv3vHn_yLuo', 'dHN_tlBEt2c', 'TURmIFBcgVY', 'PrS2e1HSP2U', '-CcYgIcN7X4', '5O71rJBWP5M', '8u45QMEn1o4', 'D0WXVilQ0Oc', 'tTbK3HnBFLo', 'ZxwdLyHLnjY', 'uSqEgL0wxOk', 'o0aLQRwxIWY', '0HtjEY64LzU']"
14,Nathaniel Drew,"['7Wil7nLQVI8', 'viG9Tmy2w0o', 'LPY7dG2nMs0', 'sPJAXc2j7kA', 'x6QYL704-Go', 'G0diID02zE8', 'bCJQxIuE2c4', 'xX7aY3afktM', 'UzfCgcgrOH8', 'IPwyP0QU2lA', '10L1A2XcqCI', '3aR_Uo2lipc', 'D0HGdB9RCgI', 'S9LYW731Iqw', '_nClrnP9LMM', 'xZiGAisvkJw', '119REmpkQuo', 'ZuZIh0HeFAo', '9yyd2jh-ovM', 'c1ui5HWvw1A', 'rRgwis2kt9Y', 'LQT2pH1vDB8', '_ZMNw32dOqo', 'SLoNfSLmfRo', 'ObP4Epfrw_w', '2Zr7j41a8X0', 'B3kkj-5Ekjw', 'pFShTtuKDb4', 'VxiSL3VuHB8', 'W38OTTU53U8', '_ryvl_EfRXY', '1m6ifDhy_6o', 'RJkvkgoEVBw', 'piTr9DXXwY0', 'SYugSLWtYTE', 'TuYsJkJ3Yes', 'zilVZrbpoVc', 'Gj8tWeTJfQg', 'rLobewuy8bo', '95NgtNgmnWA', 'gJ7CyM1Zrqc', 'MruNugpHDV0', 'NpJpjlLze5k', 'snNY1Hr6Gl4', '2EkWO2dieQg', 'NBC1se0DtAs', 'hHE1cJF3OZs', 'CqB_Qxwk7Jo', 'dQPMyuW8VTQ', 'OwBCKJHCHEg', 'HecsY2GCoos', 'JNa5MR9voCQ', '7JBEQz1fSyQ', 'WxziTDRY5nQ', 'ac9yPwFiT_Q', 'ToQOvlCy0mc', 'pWbQy3I9OCo', 'wMBxAL7pviQ', 'DX9WH9b6_ZU', 'c2Yd-KRLhDA', 'uC_fZHRrrIE', 'HKxzP6JjQ98', 'UVo_8slgp0Q', '0JXY3WGqSi0', 'i8kAKcpYEEQ', 'lhcvejeAB0E', 'i0AZ81YoBls', '0mAKN7s6_qE', 'HYRqc-4K0ck', 'smDIQr8MwTk', 'TWnczlt-TZ8', '3dD9TdYxUYs', 'g-ixbvMlNig', '-YE1eAVCZqY', 'ZcGVQPYKSiU', 'BKCA8i4nWBI', '7tGGfh5DU-s', 'AYp5xtkoF6M', 'rfeADdY1rHw', '_4-VErnEAq4', 'tGolcgqrRLo', 'bkABj1AwxrI', '5vKFJpOvhww', 'KTjLVK9mfME', 'hUf42BvmzY8', 'XlJkaclqTqg', 'QNBRDvaRrdA', 'Oblk6qjkO3w', '3cHRPWHuWw8', '9eydGWQqpbo', 'QG_JWa4_LKQ', 'JcDXJxpB8UQ', '9I7AsC3xa-I', 'UI-83rgDA6w', 'XesZtdI7cb0', '4m7DmAfD2C0', 'UCEAGJgMImA', 'S8EpdquI6PA', 'y_bulOJEVjY', 'DGAUCv3Gniw', '67XAq4vQywQ', 'IuTv5qu7A0Q', 'Nl4NYY1V8Ig', 'b83-Hqeg9Uc', 'bHONrDhcmJw', '-QvEZoPy96g', 'bbhn8gpbenI', 'jEps2fnwL-0', 'XP67thlHCoA', 'rVmMbMa3ncI', 'HVXO8yhXJAc', '4p5TSzRJhIo', 'otojwFSN9Gc', 'jUzxAj2WBYM', 'o1wU0kPUjfc', 'fxAaBZNduQs', 'e-kjWJPuvgs', 'STneqzzpd-8', 'ZIyrHcJZmv4', 'FLLiFl1m9I4', 'ytE7NxWh73E', '9WZEEq5M-3s', 'rWU7GULiors', 'E2ma33M1Uc8', 'c9i2ZJGFJ3w', 'BeRpSGUpAkI', 'nBof8hIMx0E', 'SGmAIaN4PPM', 'rHqdhufcypI', 'knj9Atxscrc', 's75PC9Mxxb8', 'CwD4eBG4dwc', 'Oq85wnG4Fu0', 'OegmiOQNxVo', '7cBf0WyzVWE', 'zV7BVSLxxjE', '2y6ZbIMpKKc', 'je8ewLFy4bo', 'lf_HQlpdEOU', 'eac-_ys_f_Q', 'gD4J5N1K5KI', 'lqGR7hCUTnM', '3adk8zSyvdQ', 'HgkfMRb-QJU', 'h2BUm8iZxBs', 'tVe8DVWSfdA', 'bUqWy4mU3LQ', 'JXD0kCqyl9c', 'XTzjPi4YcWA', 'eForNtmfUVc', '57_MGCiFP5c', 'ZzTX4VFQ1qg', 'yYiowa-dQZs', '9gSP4-0NTH4', 'fW_pTO1y6vU', 'vl2_qTPjrH0', 'nibCNh2ChVA']"
15,Ali Abdaal,"['7P6RArpBwDk', 'ELavuz3btaE', 'T6hmdrsLQj8', '2LR8N2ko6a8', 'kQA27U_K_UE', 'OrElyY7MFVs', '-lzlQCtT1rU', 'K-ssUVyfn5g', 'MqXjqOy-TA8', 'bg242QzbfNc', 'ngWZaSbw130', 'WqBkyS83b44', 'IhfxUm3cmuM', 'ZazwqwjDY6M', 'YuCRDlEFaw4', 'MN1CR7PE0LQ', 'seXu3jYxs0Y', 'cTH824WnA3U', 'Bf4Hs5E9eNg', 'tQSKyvjsUuI', 'UlIDxrK43ko', 'sBba4MGPc2U', 'mVR_nLBeS24', 'XpopyNZKYKw', '06aaT3kZdkE', '76yqErAib5g', '4V2ZwgJw62I', 'pPKJ_Pk9zZs', 'COhm-736828', '6x1i0K4Eg1g', 'nQggHK36gK8', 'FJwp5RBLQcs', 'lCrMAtbBUJA', '6Dvkq5yAvcA', '7hVqxhZaxtk', 'Dyliijbw_aQ', 'Toz7XEsSH_o', 'Gg8_TA7U0Uw', 'HPcIwHwZIhI', 'mZOVLrLXKCE', 'F7JMKzBr8HY', 'kM0ZADKIXU8', 'wlvxviP-xNg', '3monI2ExCJU', 'Gx2vyi4JcV0', 'XiGaXVJHwhc', 'qfeQt02cg6I', 'gtXHePXjVlE', 'I9m00NGPwgg', '_D_C2-2FZ5w', '6cXQ6zk0Nrk', '4aYVLpY5FYU', '0l5tcF6Rao0', 'awnn-bqV_Tw', 'nAXY89s0t4E', 'eGdn6FTIF5I', 'TpBhsfreU5Q', 'MgI6iquuuzA', 'N282bXQYRFc', 'dxRmw5ZumU0', '9DH4pAg1qaQ', 'L11WCsRqrIg', 'pcvcKIHGtGs', '1EyBVAwasHk', 'Oq4c-_iAzQo', 'dlKBmzQbiyU', 'eUIw9TZBIV8', 'V7342SesjCs', 'yGYh_6WdAjA', 'Suw3XoPlCaM', 'm_Rz7mY8Lyc', 'gcGquCZxsJc', 'd5EUzuV9IjU', 'eENUPfSvuuE', 'unityETmypk', 'Wg3VWhu_M6Q', 'KrrqVODE2O4', 'jeSkdpQQtz4', 'IScN1SOcj7A', '7m0p8EFy3Pw', 'GY9lNl3EO1I', 'UGzNMRWEXjU', 'xT8M90RMsYY', 'FQJ3MsQFKNg', 'FbSNfj2S6Pw', 'QuD7I_o1WP0', 'qffXR9nRO90', 'pL3lCNCffgg', 'vQBhSZGq6ns', 'Bry8a_7b9aM', 'wmQt-QM0mbQ', 'I5hTDOckpnU', 'OlU5OWWqPcQ', 'o4qiwWFdZ_U', 'iONDebHX9qk', 'M5y69v1RbU0', 'acBJsjCqgtM', '6Fa5f9_4Oi4', 'CZI5uBumcgg', 'FiRp3GEebms', 'khQomXNzhkE', 'RP0oVOH4Zz4', 'DhGSyddz-g0', '3LXUVa4ugwc', 'hRx1ShvWWeI', 'CFN1uO1g3ls', 'pUmuBfkqBY0', 'hXkiAfjFtgU', 'a3qVXVE_bYQ', 'B1Zm6TGsFXk', 'xHFebdaObWo', 'x_5poMWS-L4', 'BCWfXWVVsKo', 'nl8LQrbMdqQ', '5FgvGQXfV10', 'nk_Pfxmqn6g', 'W3CDMcWlPyM', 'ywiSy49yhyU', 'vyVpRiqOvt4', 'RBcEpsTmT8Y', 'cs7TCNDQy1E', 'dbN2Zvn0npw', 'KMskdqtR1yA', 'GpL4jfLZY3Q', '5791L8VEHZw', 'd-bbJUQ_Vro', 'pqUxibdbv38', 'ERGbgvvCJ8o', '0rkRC728rIU', 'VTTp5A-rSdc', '9s7AXw7o76Q', 'w47z_wz6XBA', 'x-hGIYZj2Rw', 'WQWiLZ1M6xw', '8B_O04IdW9M', 'SKagZybuw7o', 'ZJto0cpF3XU', 'GGqB46Gi4Ko', 'iw425d9irZ4', 'BmznD0BNCzE', 'mSTWHQ5NDIg', 'E78SM77gmFY', '5sKPaDmcJH0', '5wDfRwAmIVY', 'zW__u6blbEQ', 's5nrAKLZgMM', 'yCR26po2Akg', 'iNI-1Vy6WM4', 'LOxn0iBAl5I', 'uGB2z2IZS0I', 'YNtnP-j3DA8', 'i6jjc9tfwt8', 'gtRqbbiWU30', 'HJyrY3bRTn4', 'nsUL3sRh6Ek', 'gFQNPmLKj1k', 'AjoxkxM_I5g', 'qwywV8VhMkA', 'gWFCy-pWeDo', 'HJgnBktX5_0', 'zPc0j-Rzo28', 'CuLOnlXlgVY', 'TgOmBWdK84k', 'WsOiuxm8qB4', 'lhpY1frNqdA', 'I3MeCEwVxB0', 'sMu1m57KYGI', '_sothj2aipE', 'wpcVQeF07G4', 'OP3dA2GcAh8', '1ArVtCQqQRE', '9otYs7w7DBY', 'B58mAePXYbo', 'X52jSWjnvC0', 'UE4dTKiNGa0', 'yBP1VjO9RSE', 'Xg2cmsnvWx8', 'mcitELserqk', 'bpikCLhpIRY', 'cYyIpzlkq7E', 'NquuITL9-ZA', 'TGd0Y4Ch8B8', 'Fk3csAdegBI', 'uJgv0XQOehs', 'y1NKkWELlhQ', 'xmKjDEvp4HY', 'kzAuvOr-YsM', 'UAUDcoqK5I4', '8NBhJy_GopM', 'reazJx4INyM', 'mCV9KJiTQps', 'TLZr5GVeLcY', 't6GPiy7fuEQ', 'Zo5cf_CgR6M', 'eGXbCUXAKYs', 'cjPWFTtn5wM', '8u0RK3L0D64', '_5nw6gLRe34', 'qSWAFAmzJTE', 'TH0nNn6SmXw', 'M_bCVdB1jRY', 'HVRHozw5GA4', '_jSbuDftmcc', 'YT7tQzmGRLA', 'Kppgzbun71I', 'ZijqVV1NqYQ', 'fKNiV9UHPPo', 'RGbCR_pq4_A', 's3vVUq2520U', 'SGzk_FbJ-dQ', 'i2Fm4hyZTMc', 'PQWWKAtYmG4', '_NJWXVSs65c', 'sJeWfYLawaQ', 'FdSF4OfQ9f0', 'RDeJe_2TWUE', 'epF2SYpWtos', 'kX0sHQfjETY', 't-oxoHAUSR4', 'O96Y3-ldp10', 'yOC7w8kfsB4', 'D4Z7cQ7jLGc', 'X9Th_OBKyQ8', 'C0syvUws1ps', 'Hw3SpLQYeLA', 'l5nr-SnRsK8', 'AS1m0lmtDQI', 'N0xpPCJK9iE', '-7Sl5cnxMxw', 'ONG26-2mIHU', 'uQrXLHiFszk', '0duNfnP8Z50', 'wfbEoq634ZY', 'Cky0O-hANDI', 'QDU4S4sfb_g', 'xXVnz6t1aMs', 'l3hOrfLuxU0', 'H7zolPUcJCM', 'Ck5JOj4TlM4', 'PHgdXWZLs9g', 'oWRw-Qu4h8g', 'PhrhAa8P9wM', 'RvrfOt2pqR0', 'tH_Jriu7XkU', 'fDbxPVn02VU', '96McQ3PHU7A', '0Mzj2i7Z8uE', 'XVhzQgRnYps', 'Q9tRunbdKqU', '8tKuviI68Ss', 'HuX3yT4rvDs', 'lKYBB-Uw1IM', 'STYohijxBNY', '80rugVXQzes', 'gGZ3uO2p5qY', 'Qu1QNcetiK0', 'ODl5FOMu8kI', '4f7iiu5ck8U', 'u2jUmds5ZFU', 'UKCGs5sfheM', 'JwhsPdN2RNg', '-hzWbMy0CBg', '3NdH1pdQVhE', 'H2_WC2bcKE8', '8lhSb5libHY', '5Nin1OtjOlU', 'tTexU42KzsI', 'S8JLJqLvhzo', 'M6mFP3NzxrQ', 'yjTC5Jbe0ac', 'Te0_nt62lJQ', 'jFACcujmdE4', 'i7awefFU_Hg', 'k5A26Sc63F0', 'YF00S6U_C1g', 'ij1IKwE2MgM', 'OA9tU1G6O-s', 'tQCKsyQO-lY', 're4Cjf_qqLA', 'jFlYIwM_Rco', 'TvytweSNkiE', 'lFAm7HZ8gTg', 'W-EpiaPcgTk', '94emc6eqllE', 'ZQpSCgTnEeI', 'Z-xazrZnY8A', 'xFX-lyLU2X8', 'BpLOu3sv-Jw', '-46Vyiwat_Y', 'Ms4xcowxG9g', 'bobphaq2dYA', '9VXC9fWQ_aI', 'scy3I-i7H-M', 'IoA0q9fUpYI', 'b7o09a7t4RA', 'OLK52vT1YOA', 'Z8Xcf_v3kJQ', 'hv1gOEY3cs4', 'YUBm9fS54SU', 'iIyDJK_SAjs', 'l2DeCc0GkBg', 'mWOE1zjr1S4', 'fBXnxlLR0PY', 'D2WgxpWC6gY', 'x40pERU0YaY', 'UF02YPoKfMY', 'YHJzSbLiQNs', 't_TkT07u7yU', 'rEINNYczPtU', 'Y5PulPlCHXw', 'ii6V_-svh28', 'ijOuQh_ZRcU', 'mk2nA76CUP0', 'EfBczKGbGwA', 'wqpR9GdId0M', 'GMYlFu4GAsw', 'xIx2OQ6E6Mc', '_9gYVZuOkts', 'aofW3iAjODY', 'LHaIPyTVelc', 'X-ToaRoxgMU', 'rApxWtDIRAM', 'vPckn7g-DX8', 'uNQUJ6ezOJ0', 'r8I4eVoEiQQ', 'ONI0H61Fk_s', 'XY0fQ0ZVlRs', 'ukSniYSWIvU', 'xeHYMuAMU7U', 'i4CbZXViVTA', 'HoqjLxRBIMQ', 'ZD90JQjL5j0', '-m7DLiFH-CE', 'sLP4OwS7yoA', 'LYypqnPLOaM', '1ZPiBcz3nSc', '5FPuHYY7VPc', '6ltK8OaFyy4', 'MbumNLXwZqc', '9AvXE3qdPSo', 'znYThp26WJo', 'IPA-08lYNss', 'cgmcC0UDlR4', '2BgZSxMu5oI', 'nn7TPSNOef0', 'tIdU4Sw6a5Y', 'cn8erxA7DHI', 'waR3xBDHMqw', 'eWEsR61WeCo', 'dlHVOkx403E', 'JZln56h2GkM', '86gx9bKQheM', 'PcMVfAb9sxI', 'U9f9RPXZkEo', 'W0h2Lm9v7yo', 'YDSEhszBgpM', 'wJ-suqzHP20', 'e05DfV1Wyv0', 'tBANvzdbY_s', 'Ra1ykDUnwpM', '0VjvUUHsuYs', 'hly9Ekte8zY', 'q58SMId-_Ko', 'tkHw25cS_bk', 'yiRYn97GJhM', 'Z-zNHHpXoMM', 'q2lBRhswDh8', 'ukLnPbIffxE', 'JHjREDj7Tag', 'ISjkHuJYTPw', 'ZuarurfP4BA', '-8VOMX5JYoQ', 'upcExv17By4', 'bvTkOIkiYu0', '8-edcK66xZM', 'ABED1GjTUrk', 'G-QC4mT8bXA', 'RZBZVWONSTs', 'aWpd9JYyNEs', 'LpM4QXb9lhk', 'Qsf3j59SVJg', '43swgRhxbmk', 'se2dPdzxQ5E', 'uWhrfeCH9Zg', 'zdew7At9S2U', '1dIU1YhZX94', 'PdlRNq3eMkQ', 'k0WvM8ZezVU', 'R2E3zGFqgTM', 'oFBdXVnGgx0', 'CCzBoNeBKXc', 'iGeDiXtJTRs', 'LpjF5K0SXH8', '4QtYOmblLOY', 'xS9LPyGbM0E', 'JSt4SZ7i5F0', '4cYeHxVLqZ8', 'Q87NzojhZDI', 'wq4b928Q32g', '4LN1eqJcTaU', 'TdCaWsDb7uo', 'yfkc_KaWbsQ', 'z_0Npoa3lCQ', 'K5bvWmvtarI', 'rvuXtQILJcM', 's6NR6YQcxyA', 'mwGFRi4kLRQ', 'eOamw4SB5T8', 'iIdqPeI-Po0', '1lMCGdVAgGQ', 'heN8Zo8f45I', 'uY01uhhIuzI', 'AuORG4zFcXw', 'ecKHOHmPq1g', 'vMJKprNmEEg', 'UJmz89F_bqA', 'Q6fwLEO3G3Q', '1wLNDHVQxU4', 'QxXwfMrWYPE', '-6YiD77uWD8', 'U31WDm6RNYc', 'MpevcHafHZI', 'GT9ZQX1OS68', 'oHjMygB8y4k', 'wiuEDpZGAw8', 'sDFe-OJmVXc', 'OQs0fYHPzho', 'nTookJPZiTU', 'g4ukmp-hn8Y', 'UI2fzaXO78E', 'nx8wnXdEYG8', '-dw8fYgBK1I', 'tJDgQv_W15s', 'Bmxjb3qThWI', 'W5L9oZN9LeM', 'Xk0e6XZUyrQ', 'MhUljoWSzSk', '8LOB92gjgww', 'c5o1I7S7_Iw', 'f_3IrUKQAQ8', 'z2xKvVNZgL0', 'e4yXab6Zc9A', 'rs2BRk-RMJA', 'VRaUyEY4Pnc', 'XcZnSSmeK2I', 'HGTzYlkT5Ww', 'fVkc5hr_FhA', 'vdmg-KAx9yE', '34ehGQMt5l4', 'AAnIrWVVFsM', 'FEUIxnnW5-w', '7APfFjfnNBc', 'gBpBLTSCb4s', 'Va0tSdPADpA', 'XJHM0fEH3ss', 'LQ3Mu8A7gjY']"
16,Kalle Hallden,"['wiJqQLnU32M', 'VVczAVgLHqU', 'A3au3qrNf9A', 'FQfU0jfbBCU', 'YS3xQjAJSp8', '6RLnlzYe6Lc', '4DlUO7K7SNU', 'k_U7swVRttc', '7UlZoamv3ZY', 'V7Y7076kiCA', 'ex8HRwoZ5WM', 'tN-oSMeA1fw', '_cEeBaVcYG8', '7r8ND1no4Sk', 'FETHa3A7qTs', 'GHb9pF9W2Ww', 'wXjTEZCtyWg', 'iofOU858ZNQ', 'b1yGhE_rDSw', 'DH4GALwlIdQ', 'tcNEpJXtcWk', 'LeS8Cnp-qm8', 'idxLGg0Ivx0', 'e1rIr2lhLbw', 'eVRbfcHyL1k', '0b-qUiKGy3o', 'tAYSloyj9L0', '6PdOC4EErNg', 'pmV55HDZSGU', 'hQbdWmuFyRA', 'Duq7XzayyWc', '9OOAiNJGet0', 'vxW9VkJ55Pc', 'qkLRozfca50', '_5pH_tr7uN0', 'KDYLPiSuOug', 'VM8H1kMNHpU', 'eCJ5oZqZp60', 'ChHDiuXIALc', 'QVV2xhtmmfI', 'XPqkI_hYcRA', 'wbmdsT0gEng', 'osbIULJaP_c', '_l_wtpxgB7k', 'GZkqMGMYpj8', 'wLF2XffGcF4', 'Z5lGkruGSXs', 'wWySnxhZYsc', 'QfGZpx0iGvM', '0c6YZSS4ZRw', 'RLBAJ2HMmSs', 'juoIGbe7ub4', 'ijpb_eoptNE', 'LiqZq1iLuQI', 'S4E4yAktjug', '8C9bKcoYVds', 'IFDoOBbpwnM', '1RRQzAbC7ro', 'bARCE45FM4s', 'E8Ww39z_28A', 'qIVIN-V6gy4', 'QjMJsQx_O7o', 'UUnAcrzA0nA', '6APhgYV4BkU', 'AQLEWWKv9n4', 'H0peaQ3nUDY', 'OPk4Pu97Ndc', 'nB4qXmPodeA', 'IUZTbEaDo0U', 'otDOHt_Jges', 'hjX4hY0GMmI', 'VChnMGPSCuI', '6gkoDQUQSLc', 'ZbQQYUl-ojA', 'xNvM5Le8YIU', '0O874280h5Q', 'vA1ss2xz5GU', 'Gf1QaBReA2I', 'CHUxmVVH2AQ', 'YKpavJYuDa0', 'r82H1xcLTPw', 'hkhyKJj28Ac', 'bYgTs1Jw-Rk', 'gQQRZ0XqmQw', 'Kx3aQ75ziNQ', 'h1RBwD_HulQ', 'SIEh2eM-8jI', 'J2zquYPJbWY', '7wB3cTma0xs', '3idBjnd5sr8', 'L8QzFU0k5OA', 'ekj-FXEpBj8', 'pT73r1obOhI', 'fROEGw_RuEU', 'sZUTPweKxsQ', 'OsKQw3qTMMk', 'OHueMJPSTLk', '8GAl3CTLVMw', '2e3IJ2FWz6Q', 'd4BGr-lgA28', 'eC0SpF7wwns', 'T8xvMIiFzD0', '1_iCh7X1ykw', '6GOqCU2VA0g', 'TCWwqJYvWlI', 'weEnnvrZ9jc', '6vpg_HMt-mQ', '-AUPL1wSzCE', 'sEIg140mUqI', 'qtFdH-Z9NWY', 'imN-vhi5ZWQ', '5nxrMY5OnQM', 'SsMrGGgcdrU', 'U8Qc_dzQTJ4', '5msVJtHO67A', 'nEn_eNqX3j8', 'LSTtMHMQFkY', 'aLLwKaxh98M', 'FTkgFtjfnDI', 'ZqZmxX4QCXY', 'yCxarpfAjV4', 'GF-Lhuouucg', 'OURKqOIAbck', 'cjDwPCWm6-w', 'flzINYpIcc8', 'jOFco1xuIeo', 's8wQz6EVUzw', 'nKfl3EQ0twg', '-Y5emUsC1FY', 'Rfr1BSrd_qM', 'IhcyD_Wl2Ns', 'I1saRNlc8Fw', '4ThQK4xeLEI', 'qQywAw9Mz0A', '_q-etWotnWg', 'TdaFbl8B7zo', 'vnAlCF8TRu4', 'oyk0WPTQlhg', 'Ch7Pm6LYUaI', 'saEkj-GPN3o', '-MHhA-Y3DSk', 'jN2VXxEL5z4', 'rRxhjKxNaRg', 'A3PRB1Wc0UA', 'V4iI1kf80No', '3uH0UKn_zZE', '9HaIGMyAyug', 'PxltFbjlrxg', 'k4FNxAGpAgg', 'dRpoTJV5qxg', 'LY-DsuMOVT0', 'Rb-dTP37QVU', 'pADvJUafZZc', 'skVMR0048NQ', '9X_y8FJCNb0', 'WdFlNQaEvOU', '0N7spHChUWc', 'i52vHm9q_nI', '5avmvsGd1yc', 'Nikdbz6gBek', 'LfxZMofHs_U', 'HcZ3gS1Rgcs', '14zfVa_m-U0', 'uQf7i6WP_8M', 'ZBLYcvPl1MA', 'qbW6FRbaSl0', 'ewFH0l2CLFo', 'IVGnCrIdAw0', 'UiFBvcpimao', 'rJzjDszODTI', 'vnfhv1E1dU4', '8ftzKSmsi8o', 'oCqO8VaXjFo', 'SSoJvyyvYpA', 'O4zpFk7t8gA', 'mEIHdlBy2U8', 'E2uEfOls4e4', 'FtIzsaEZ0eE', '7Y8Ppin12r4', 'hvie9ywaYnE', 'Ssivxgwa6B0', '6J3xIecQtnU', 'sbhQNZVxcPc', 'VT8658Y91qw', 'jvsPSEqV0Vs', 'WyAk2Na2fiI', 'sBTOfFYLakY', 'qFGzT73bjQ8', 'WTIx-zUoYxA', 'ZWyDN2EA6GQ', 'tfef0CR4Afk', 'bP_ivbTeT04', 's0EftKgclOc', 'bt6QQORL110', 'l0JweuCTD4E', 'azl6SvFCAMs', 'nupkQD_Mnhg', 'HmKyPu8wX5U', 'DFW8MwstRwY', 'yrssvb8ql4c', 'rM_KtO4LDE8', 'V3CHLRY7SkA', 'zRJv9Jl-vY0', 'YQgi9AJMrxY', 'BjA5o8-RVcE', 'ob4YeGoWT6U', 'sKBChmV7gtE', 'WFoExBGfJA4', 'ViXDw5qKnAY', 'O9CFmYj-m2k', 'Y4CXRBrrDJA', 'DzdkxxP2Djk', 'Gov-qLKVyvo', 'Wk-jj5tK8uk', 'jYyfCCn3BgQ', 'AWCB7ORlE4Y', 'uog71VBYRzs', 'XlQg3fCUcFg', 'ThQ218Mhj1c', 'DXrZxQP5U2g', '2EER6jLOP1A', 'oAZ9uSmOAFY', 'hcFTb2ZjWU8', 'Y-Mwj2V5KhE', 'vvE0Xd8-iro', 'V6yhfTmDQo8', 'Ot2dYeFmQEY', '6-59JYcJFfE', 'zO3tdEumTH8', 'QRaKMWENjos', 'dZYfp56eVYk', '9FijKKvBaLg', 'wJv6lZpBURU', 'eOqCYJaf7Gg', 'Rq0mA5PFfdA', 'zXnvTA5l0yM']"
17,The Almost Astrophysicist,"['L1jOrGCbgiw', 'PNr51ZJkoBU', 'Gp5SJqL6_vo', '0-VMU9Im45I', 'mVONLSNIgbg', '4dLLqVeezjI', '4resUoDVq2s', '--Lq9jFT7aI', '5O9abIxIqNA', 'hbY8L-kHoVA', 'C85K3xZwe8U', 'afK_EVbzDFA', 'ZGLr1o_WrW0', 'KeQw5g9_s1Y', '8f-5LSutKOg', '0nMlKYs4CR4', 'p6GWI5UL84o', 'clATNDRDJhc', '5eHakGl60w0', 'nhdr7qrzU54', 'TlsvOrZibLY', 'dSGAb2jDuWI', 'ScJZB-u7w6c', 'fjvfW5aNaGA', '69wc0ZZEPXM', 'xvnnW2JhfAw', 'pY6MMlBjl4o', 'EIVmHFkssfI', '9RgMZ6KyIIo', '012zQzleTbc', '8OSL9n5Hypo', 'DSzVl2PhXbI', 'c1TqHfFfSqM', 'VqDCuI0wllQ', 'wczx-LQCRWY', 'T5xuqb5WqI4', '01sPYhZ35Mw', 'SvQc7JD2Kt0', 'YBP51IuVLNY', 'fuASc5Hu76M', 'ZphAUatwznk', 'OMG0bTyNNOM', 'S2QOQ6mQ1L8', '2ok15bX2roo', 'g4PlUn5rs-M', 'wTVwCfsutoo', 'BpuTdAisllE', 'XlIbC4sUBg8', 'T2DqpMkK50s', '0HrI6r4FIsI', '1A0QHxRcWpU', '-1XTx5iikzM', 'DX0KLSOU4JU', 'psObcusHkaM', '-vr9sx0hTZU', 'K5WvgNdHxk0', 'cmaAFMiEPAI', '_Mg12VHd0YU', 'S0A9thVirME', 'Cj1Pb9O4TrQ', '1SHLNjLYT2c', '1ZQfHTB4qv0', 'ay-6eK1xNhs', '1sBrJREEInU', '2A1HtzJb1dw', 'VQd6BQbRPow', 'Gak4os0wFT0', 'Yjc7pW5LlO8', '5NliNbf9cjg', '2zYyU0L5s1I', 'tx4vjAzUmY8', 'IxFAXTblso4', 'vppkxSYVkHQ', 'beiv-MRSTto', 'dO2jP4TFP2c', 'vcqfkWYR1T4']"
18,Noah Kagan,"['Z-oO_e-zLNs', 's3nsfaTWmzI', 'R0DSnsq7ydE', '0zr_46Eh4dA', 'j2wiLdLc9IE', 'yVkwsYfrs8k', 'HHR-NeSuynw', 'r6WZuLKOa6k', 'Lz8qWI1ixGs', 'Fk8Skx4xUDo', 'Zb6G7y5Pe8c', 'hzOB1qwkdBE', 'Nb1VGAZGnmM', 'EboSfB34wpM', 'qdqVFRZbrmg', 'EHI5Eh3THZI', 'omihRc0wAnM', 'wnJNZbpJmoQ', '2SfMHXaIPmo', 'rPB8tBib-iA', 'y85bl4JEr3w', 'xo-zbRNZ878', '2N8-qDMpGAA', 'TOmmEGTanus', 'F9V3_beDxtg', 'eM4hmSIiVxk', 'kuNSLuGKyoA', 'IWXnA954byI', 'NOCv5PgxNV8', 'vxs2Bj8zKXk', '2yftgFzNhg0', 'byeJi4p_4m4', 'w_PYEniwN9g', 'r8TBM9a7qhI', 'RMxo4qRy0d8', 'YQdv5GE-kHY', '8Razbsemnho', 'J3aes0D8n9U', 'DsDJRE6gTdo', 'soNt7LGcbWQ', 'YWWB7KAiqCE', '-gVcT19FenQ', '40yxo6OlBJY', 'cyPFP1oJCKM', '90El0oiNIBo', '-0xNyA_iz50', 'Oih2htCBQ5g', 'EKIeqhkC4jI', 'A_xDA-KBbNE', 'zI6i7iKrQ3U', '_jpibt9ueZo', 'FbHUWa04QO0', '2qosDS83uXE', 'ynEuXdhnIeI', 'PVSYh3nM-48', 'fvH3lGUdcNM', 'XkZgWjOWDrw', '-Ze_wdtfH_E', '6di5523Awqg', 'sP1aQtZiiZE', '39sx4A1gL9E', 'fNwXS3oS5VA', 'qa9ki_Lz8r0', 'DrF1jmslF_Y', 'cOABQjtV3D0', 'mtSA8t0BoT0', 'X4qPpJOIJMg', 'hN8gQ2e85nk', 'w7fPVD3urV4', 'kFi0OOoL4WM', 't0-4v3YWAmQ', 'Aa3OGvLdlBA', '1IDDM1kElPg', 'TKzDTnVDqew', '9s45yEeEVSk', 'SMWVFBo3ryo', 'GjIVkpj7jWU', '8shoPKlB3zI', 'RGGqCe40ypY', '4I1ymhJxGkg', '9S1wgUlfABE', 'lrSPtVIgsB8', 'k9CoZCDl51Q', 'KV3S3YAEhMk', 'zxuX9rc3Tc8', 'm3DRB0S6Zkg', 'tCH8lqw24F8', 'kDZw6ir22Wc', 'Fm1FnY0HHvA', 'IfDFrSrADM0', '_HaUBjkMf4A', 'YWbFxQCxGjM', '5L9cilUWOrE', 'SX-7K5eM5VA', 'bOFWiqUFzyY', 'eS4hv1qXmis', '3C5f0XGioHo', 'ZcsqM80Gfas', '_EGY1MtfsJ8', 'frbZWCUlBH8', 'po1xtfmAwZk', 'gMGr6OALkug', 'HiuNb4fZ_Ys', 'LpkjnWw8mNc', 'ECsLEwhH9bA', 'sAiZoi3K8WI', 'nWClWCiPo3k', 'Yd_3Tk1AyPE', '07_DgJYlljA', 'JhZnUQEg_b0', 'evStqllDh-Y', 'IYbqOY7IM-U', 'XrDv22XSwwU', '_q90k3OM18c', 'JDTM6mSfhqA', 'FtNtIElO4sI', '2Lt-Ji9aLSg', 'Kf2W2WbS150', 'Qaiuvr56c8M', '2eq7qhRAsKg', '7td1OVKuh6w', '7GYot5vNxuc', 'L1MSly-j7Xo', '-Q4d1VME3PQ', '7jyOb0Q4ydI', 'LNDpV03I5rU', '4M-UoHAoOEQ', 'la5MV95Ewe0', '5lJvXNrJiAk', 'vbRkBRD4dV8', '2uGieHUykWo', 'CP-DP4lQcvQ', '-G-rsAt7szE', 'K3OuI9E0-EA', 'R43ijXqR0iU', 'iXLFfjQUTlI', 'lN0gzFyz6mo', 'L4Vonl13Y4E', 'u8cck4dMCDs', 'mL34nJ4AgEw', '2BQDXTod_Pk', 'puqJxkRd9Dg', 'fOP_4YJnh88', 'Or7lq6ufJms', 'zd0tJq5mklo', '2ZIKc6jdya8', '-Mgj4L93Ql4', 'o7cSAFcM9gg', 'ZXKAue2n0eI', 'NbbUKZTLlEk', 'OJWkFU6Zyo4', 'iVigLPlUVJA', 'nB_fnI_s5to', 'es4HJ6IdBTk', '669cEx0eZJI', 'kcikCLINuVg', 'Lc4ncCs2hGc', '41enk1Jk820', 'OfaK9C27HrE', 'sIfAX-VtJN8', 'JRij51LK1zY', 'aVauaq9-hyY', '9NJR4FOBzQI', 'o5i5JudICCs', 'R87Kk_qcFpQ', 'eihRu8xDtdQ', 'jBDMPDGVfeM', 'T6xYc5QlTfU', 'D_Gg493W2Bc', 'CRTDOyZz4v4', 'iE5k_sjbvDk', 'ABhGRVPoU2E', '-e15lF7hDoU', 'CEQV8O6DWVM', 'cMIEvwxQOKE', 'h1MdcUST5rM', 'Iaktcrt2ods', '42FICIcbBtM', 'FyduMeorcKI', 'aPuWLzsW9nk', 'car49F5exDU', 'BDT8i4vv4GI', 'NVyjEHKW5xw', 'MMUx8puoCIc', 'GIqpPbP4uhU', 'ptRsKPTrWWE', 'RBbVzsY2ADg', '0lW_1KIirfw', 'LNxUwNr2Xl4', '1ayBwxLwr-0', 'JuQdAe6s-GM', 'KLgIrxXvb44', 'VS1tl4dsalM', 'TbAOiQr4AJ0', 'H8cCRwsfxMk', 'YodeBu7vUGY', 'kVbrJs0Sq1M', '9FVrjXBKG7k', 'N_Ea_Xvl77s', '10RDmlab28A', '6mNn4eyQoiw', 'HuPc3asCIlE', 'nS1Bx7yYBCU', 'YDIc4egi36A', 'ld5csJywEXw', 'V6SYJ276aE0', 'ANOWfJB4i2g', '78YpwlKQ7Ng', 'fTYUWN0htIA', 'u6XGZU6S8aU', 'lZ3EDCwLlBs', '6x_cnD4Tc2w', 'e02XcyauoNo', 't58b2gmyRDY', 'ob-hTvVHNXo', 'c9NaedM9krk', 'PiM7lFAHheI', 'cpE57sWldYU', 'L_l146CFfs0', 'upRA_Y0k3II', '7kYf7VoWAKE', 'evvPYL_lt6g', 'ZZ5BDsI9vDA', 'mmsc9Rcaqjg', 'STb34HA8WbE', 'ETFsJGlDeIE', 'DPYRY1j67M8', 'apJFaTU4IKY', 'DMWPz5Vmi-E', 'r8VNC2t8iaA', 'Ncy9lxXicrs', 'xL2u6Q6nEOA', '_01NMacXcGw', 'WAntWnWU9eQ', 'j-3OEr9R5yo', 'sZFvq6Zmuxg', 'W-3EBrT3QoA', 'ZjV_xQjcS30', '0G-ZleOSrfU', 'CpPg8UJWYpU', 'tXECn-AwFII', 'o489Fferx_M', '86P--AItsPY', 'kYZERI4GSOM', 'xtHJu5K7YmI', 'EtLODmHICMQ', 'em-mccWJ5rI', 'q5bl5xzl4WU', '6c0I46e5x-Q', 'gj8VCM2RytI', 'Z1bONJKbbdg', 'd74vQoS_bOE', 'YHiqmgwgvGA', 'V3f8cgRZc64', 'tk3xqothjfs', 'v046CuT7PAg', '2LB3ltaz9ng', 'C6gGAGNOmSA', '6fIauJXxk_I', 'r-RDhYWMgAs', 'up37Q_xjrg4', 'pHVR0ttl1qA', 'WtFoK2pkEFY', 'ImXytZbU-AI', 'a94s9_JnwqY', 'DML3Q04o1ow', 'Uc3qfarSfF8', 'LeC5ETUHuZw', 'gT_Kp7AVWUM', 'd1KHO12kV94', 'cnwlhFOz-xg', 'NdREmys7iU0', '9tGoxbQ0duc', 'dssCdmMr6tE', 'AhxB3e8jhZo', 'Iv_WNCoz0v0', 'un3AMQAcXCI', 'ZhEvDX8Zkc4', 'qWLho3KPfWI', 's9wR15e0qic', 'S3hegokGAMk', 'xoA9KdHQHxI', 'OBwJzpWWymo', 'o5rKbIAugec', 'xaU09TNwaok', 'iIyK-iB1S4Q', 'sAkGUaMNpSI', '95sIfUvJwdM', 'Jf40IMQR3x4', 'Qu5Iq51YCss', 'HRJ9-r1JPvU', 'H_hpGD_GF1k', 'On6Ls17Dz60', '-XPUggpPBAg', 'c4NsNFEbW6Q', 'rIUZ2nbb6EA', 'OW-dLOVqtk0', 'g00xCMjYxIM', 'eePGz7p2Di8', 'Pu8evywGWxY', 'GHC6OS-CMZ8', '0BkzNP8Ej8c', '3JZ2-iIFPNs', 'pgZ1e37dJa4', 'kaYuDsSQeNw', 'Q15QQQnhVAI', '8hXgysEEnHs', 'TzgFtsgJrQk', 'XXa-FLZYZzo', 'uNgqCLSzdrI', 'Fo6uM37d8RY', 'HcMoed30q9g', 'jQs0RMmW-f4', 'ueELr7p2gmY', '6dku5YYQu9k', 'z2ncDGzlqZs', 'G0NTiUf6ewg', 'DVbEoIbudxw', 'pTS91Nrsntg', 'aoaCCeEv1Jg', '09h_-TEbGDY', 'lXYAlXv6mFM', 'DiiI1g6Rks8', '7q0D_fxwYEo', '0jupyI12mv8', 'R-M4p_7EV-M', 'tQa019caFV0', '6agmqdFQkRU', 'Ft2BOqLcNSo', '3wPmkm6dSKA', 'fPE0uNji7dw', 'psYf4NVajvk', 'qKGOL_YGeqo', 'C0TJHw39eEc', 'PszPewEuIEs', '42GER02JDWY', 'scO0I7h7SAc', 'Wz2-NxrVdfE', '5uz5dIUDIEY', 'mtm1PNHilcY', 'QhLwXRFDbis', '-94sDdgX1V4', 'BPdBBsItt9c', 'mZ9NLnKt61g', 'S2rl3lv7P7Q', '08-fwnS4lEA', 'pk1crm4WloE', 'QJn-Olau0so', 'SuayLPrsbcI', '9sSEc84xP-Y', 'VQw5Cbvf884', 'demMUIV1EVI', '8_KVpGLXO3E', 'ru3ipF4xuZU', 'f-IkVOQrCu8', 'Kcewc2VlIhw', 'cXQB15L8pPs', 'k-VrBCCpYD8', 'z6GY82ATn2o', 'sMDOHmsJN90', '-csErtd498Y', '8LzA7ejN1RM', 'yVt_8FL6HPg', '3ABrs-XrMd4', 'XlNVHBVng2I', 'xhYvT-tqYro', 'mtPonpojbuA', 'AJn9yjo9Zck', 'LoMoTQvlz4E', 'P9zlcweK8qY', 'H_kZxdIh00U', 'X8vHAI8pYVY', 'drxlfRMw_UQ', 'XxNwnh47dtM', 'ZjBUMpy45Ro', '7BKBu28IbVQ', '3ued0eGMsr8', 'jHaZOefWwLU', 'BcVT84z2iuI', 'J-es9RZsb9Y', 'lHgHbi2-vvs', 'WRFuu3zF9TA', 'rIEU80M4zFI', 'X7wUVcIBJmE', '74mnXKIh_OE', 'nDgGeez0hOk', 'gvHXbKTjrAY', 'Ww62NoihbDo', 'bhOGT9vf4UY', 'HsTxNSoQNiU', '-YGaGIKsa4U', 'K2es0lcgzYk', 'MFqFwKjKRBk', 'iE5ybZihU6k', 'BwbtSPQ8jAY', 'ueFUfUuaT3c', 'QBuEPli82_o', '0YtTdTtlj8Y', 'uei2dNeWJrA']"
19,Joma Tech,"['NGqWR-o_H8E', 'XLVEOMGqYBE', 'KHEZCXfyxjU', '314OLE6mKOo', 'JgdP7oWP0_0', 'oCqkVZVPOe8', 'k9JFitrgGgs', 'TLysAkFM4cA', 'YBYI7E2PqWE', '7ZcmboYbNPQ', '1fPWr0d5zBE', 'lpcpsCY4Mco', 'Hv6EMd8dlQk', 'Rgx8dpiPwpA', 'Nb5yppVh_4A', '-UdWguw90g4', 'X34ZmkeZDos', 'qiE7VKRHSsA', 'sW9npZVpiMI', '0oBi8OmjLIg', 'Z0N7vqSgRBY', 'OTfp2_SwxHk', '0KmUoTfGa34', 'vT3GUKuAzIs', 'pKO9UjSeLew', 'rR4n-0KYeKQ', 'HTXTVfBCeSY', 'pvimAM_SLic', 'jlieOSX3GyM', '1stFeRlvicI', '4cDCl4cS5xY', 'vmYaAzbv9xk', 'uHt01D6rOLI', 'fB7nyxXaczY', 'rtuKId76DZI', 'F4rykKLcduI', 'K7s1IYVfvSA', 'gvAF9mboxFM', 'FqBvTFhS1ig', 'm-zxHw2AiY0', 'uxRf7KS3abo', 'Pb3AAfz5Yjg', '9yUgUsAJ6nc', '_ybAyWUr3gI', 'DFDGHEzf5oE', 'LLyd-bqLnu8', 'uBaU-n77B2Q', '_X223QGcJ_w', 'uGX03-xUok8', 'M5v1nXiUaOI', '0CxSvqyEjNE', 'YGflHj1SjA4', 'hQ_OP8h_9dQ', 'd0pBDqGIDPM', 'Y_ZZv--OI0s', 'EiKK04Ht8QI', 'k2RqjYCTt6k', 'OHviieMFY0c', 'ivvWyIscEt0', 'tgOLVIiI8WY', 'Ck0ozfJV9-g', 'ilTczNXeFDI', 'y4an6a7A6g8', 'LOplxmuEK6g', 'vKANtVUE1dM', '4Z6lxfglvUU', 'xC-c7E5PK0Y', 'Qd2Kh80ZK6k', 'RZsFHyKxir4', 'le_NLSXWt1E', '2PzkEcYJUQw', '_wNNDPp9Hh8', '4FMdbwDdHlw', '0eIY5b0RKE0', 'OnXlnd3JB-8', 'N0g41nsczBU', '6XkFKadpJws', '2vn9PlLemwg', 'WxSV3NEPbEY', 'vX-QPzNppGY', 'MfP-P8EHGBo', 'C8zoh-1f9AU', 'mftLdnylb1k', '4d5q9bqRmq8', '65yjBKfefj8', 'gTEHbBBl_dY', 'xdcG1M6dy58', 'ZpDyGKDG_Go', '_p64_S4bbjU', 'hWFDujYzvbI', '1-Iu__4R_b0', 'IDdimFoqQ3s', '9UMoVsK0644', 'Ru8s5qjMKdU', 'L1OZoY93qhk', 'hGDJkqESz0k', 'GXKI84KKVI8', 't6lBeG5QaC4', '02AXP5eI6PE', 'kZC12U6EhTc']"
20,NetworkChuck,"['oZGZRtaGyG8', 'ifT6npY39Dw', 'ugt3PBeqHIo', '4xJDDUt4Wq8', '3ytqP1QvhUc', 'ACM36qtHIEg', '2-i5x8KCfII', 'UtMMjXOlRQc', 'Fq6gqi9Ubog', 'jdTwCSxNINA', '19nN9vgcgmU', 'rW5sCgSSpI8', '8bhvn9tQk8o', '1KLgcBcWCsE', '7qd5sqazD7k', 'tcae4TSSMo8', '5WfiTHiU4x8', 'SPwyp2NG-bE', '2MS5wnYnxPc', 'GMOoXz20VZU', 'nD1REhS6e3Y', '1KEN1P7qyLM', '27Wn921q_BQ', 'W2tTsjkX76o', 'Ec9WQGw4lW0', '3ogyS4KOlXc', 'HSRghjwTTOQ', '5-5Mf_L0UKw', '5dxuppvclxE', 'UiO6uFHqwbU', 'El19X-zHt-c', '0scjy6Zxzwc', 'U7e-mcJdZok', 'rHCwI4K7afY', 'LfC6pv8VISk', 'befUVytFC80', '4c_rKOaTquM', 'hHtGN_JzoP8', 'jlHWnKVpygw', 'YJwhQowT84A', 'XIoHFklOcVQ', 'T6OLDHAWjjA', 'QWQ-LQL1owE', 'apC1bOLbzbY', 'gyMpI8csWis', '2rVzRoF7vQw', 'IXr0-J5XXMA', 'zV8KQNJMKS8', 'lUzSsX4T4WQ', 'e_f9p-_JWZw', 'mRMmlo_Uqcs', 'wOWhfNB_r-0', '0W4JZIWtjLQ', 'gsvS2M5knOw', 'X9fSMGkjtug', 'rI-XxnyWFnM', 'bXCeFPNWjsM', 'ZMsHCCyBqEQ', 'LlbTSfc4biw', 'vX3krP6JmOY', 'HwSZe00ZSuU', 'E3DEJ7odWq0', 'jwnvKOjmtEA', 'gOVFbBqOVds', 'bllS9tkCkaM', 'SvO_FDa8AIs', '_u8qTN3cCnQ', 'n_1wX7kKx7k', 'Y17KTiJLcyQ', 'gwUz3E9AW0w', 'A3G-3hp88mo', 'udwoT39z-7I', '9Zj3Z4KkcQA', 'NWyqSbnsvGU', 'VbEx7B_PTOE', 'ZhMw53Ud2tY', 'MLxgmkRzgIQ', '6CnDdXVTxhU', 'KdZvxxLsN3E', 'mvsiuLzpx2E', 'y8h5qY3zwic', 'pGFtLAn1u44', 'bsCsuoIzyTg', '37tyxaQbtN4', 'wX75Z-4MEoM', 'aY7R4NiSuAs', 'W-wdGEz4f5A', '4CJMpZfK1rI', 'uucPBUQK2H0', 'gMU5bngGQ1E', '3Ay2Vk4jySI', 'E_xbHTPwhIQ', '6dJtq7LFpec', 'PPrMxsDG6vA', 'EY-Scg1z6zA', 'nnAQ8SYzAnE', 'AdzEDoHAbw8', 'FJf1DoOeoJM', 'wIn3L24lksI', 'ZnhM-lp6GE8', 'HbcY1HQtLms', '80vIin4xGp8', 'sp-hvw5rhy8', '29VLO75woK4', 'H8iUYmReC9M', 'LiqQZGyu0FI', 'YYR-96xyBSU', 'Q2ErfVPomFQ', 'rC8EbQZdLxk', 'XYpJhhJOJSs', 'UydNRZp_fmk', '-rSqbgI7oZM', 'HfPKe98UqEI', '9z1_14YSaDY', 'xPi4uZu4uF0', 'u9dBGWVwMMA', '1EmHrexhPRw', '6aLyZisehCU', 'Rxx3UtLn15g', 'vyqSdJLVQgg', '6-66D9J5PkY', 'yLf2jRY39Rc', 'eZYtnzODpW4', 'PhVTVXqrW2s', 'IlK6FNxmRMY', 'wwwAXlE4OtU', 'GCQiliPDcPE', 'fQek73drZS4', 'Bbqdq2sR6SY', '7bA0gTroJjw', '-IB3NTJKB_A', '8QyFidVcoLM', 'm-i2JBtG4FE', 'oIRkXulqJA4', '5K1m9niTHMo', 'z4_oqTZJqCo', 'BKHeUJNrijI', 'dgdOILL1184', 'bgPuPSPZe2U', 'UHph4pvFZ4E', '3kfO61Mensg', 'CRdL1PcherM', 'qsA8zREbt6g', 'mK-Li4w8nQs', 'p9ScLm9S3B4', '8SCvs5GVOYQ', 'GE5J_26Ut1Q', '-pNupSPAgJA', 'croxobxz1bU', '9eH16Fxeb9o', '4t4kBkMsDbQ', '6IpGdqrJymk', 'S7MNX_UD7vY', 'AfVH54edAHU', 'QahtAHEj2r0', 'hrVa_dhD-iA', 'E25SKW4-8wQ', 'yFC8pb2TPdc', '7FERCp7AtXg', 'i__LrU_-DZs', 'RYAPpHEcddw', 'YOomKJdLLEo', 'KNxZIYHx29I', '70eVeqKBgTo', '0fJz-xMrqFw', 'OWKPxAgh9DU', '5hycyr-8EKs', 'dH3DdLy574M', 'BSplICgr7iU', '_SjSSQsIMeM', 'eZpLjKv9xvA', 'eGz9DS-aIeY', 'DTW0eu5eLEo', 'bpRHOpdwXS4', 'z2Wpv59Oso8', 'noC8t8nwji4', 'x_7wC4xFz-M', 'vbaJcRxASo0', 'laaGuJItNCM', '1qhC2Lw9Iso', 'YkfU8H8URuw', 'BezoNUflqXo', 'Xx9VFUakHH4', '2IY1U5ljeFE', 'rF4PDEfF_6k', 'qvlZrtKXdx4', 'bTPpKxuV-CY', '8lQ4kCSA8FE', 'N_l4yWLVI4g', 'GwHyoTVN_gA', 'BJFxMDxG_KY', 'cxGCndru_c0', 'CoQZdBT_hyo', 'Pni3OhXKmKk', 'suruNl8rupU', 'B_krqlk_cXo', 'wIt_VAM4q-Y', 'N-YNANU4fOo', 'QghJroazh5Y', '5_PuobVHeLg', 'jUMsuP_UYBg', 'rcb27jWOwD0', 'VIMaFk-R9xQ', 'on3UL7kyOJM', 'oPrKUSizQVQ', '3JM44S9zCd8', 'cChGFpElMEM', 'ISg_PjazSeY', 'q7HkIwbj3CM', 'L6x5bG4p4QM', 'SWLtfLKjB9g', 'b4PK1NFcRTM', '7Wia_5gn8jo', 'TB87gilqs8Q', 'CBfzUgic1Jo', 'KxnPtPi6D2c', 'l9YxTXDiiFY', 'fqtr_Yyy0a4', 'f4p107p3vQg', 'l9sqsDqF0QY', 'nD7zD-cpQG0', 'LrQ1xM-HBec', 'qo3Pe_-ZfE0', 'sEmEUW18uNE', 'lzFIm3zg_nI', '_8OMN08VQ6A', 'LfoJEZNX4DA', 'cDxngzbBbhI', 'bbkBJxOo4gg', 'hKwXjKpfPA8', '8cmmVEoftEM', 'PusUAu9gGiI', 'F9j2aiqK0tw', 'FfJXcoqTvrs', 'QpqzG931JbU', 'm5qsxBwXGB0', 'cN0ZhAvanYg', 'O6V3CVb5G3M', 'FpsW-1Zuhp8', 'hBjU59-BXH0', 'C4OxzOPGWnI', '7CP4__3t8go', 'KTOQHVui0fM', 'iP9kuR2U8-o', '7UkkrNoZUwU', 'B_6P2Z-Oneg', 'T1-r_feNNnw', 'Azm4woyCNBA', 'DctF8QwAmfs', '8qZYfLG1hSo', 'rPjtZUBBPEU', 'isMnWZqAh0k', 'a5_gQLcTSUM', 'eAdrnTOcPOg', 'O8HDIRtMvwI', 'axtZLMvquZ0', '443TT26w1LE', 'Pae_PYKKMAU', 'NBgRLL8mkUI', 'G5HucqXioBY', 'kDQMjAQNvY4', '0I4r0QGXD7U', 'WhoTqIuURy4', '6HsgCor5I28', 'lTlTjeCjXYM', '2BxAmdqWWJo', 'BsH0SMDJdD4', 'GEUSjg3Sy24', 'uyGVNqZ1KMU', 'vN5a-ZjiFmI', 'Zlc12P4F51c', 'dVXHibpRmaA', 'SlHfqJyqsmo', 'TCQdJwLMqfY', 'f8e-be_nMa8', 'M3da0R-m_Ww', 'MN0KzfzlRio', 'PxC5UMAiVZQ', 'qkUTB65OfAc', '2vJehMLbZGw', 'lbHASiYwGHo', '9Vs56S95Mrs', 'qCx5q3BnaFc', 'MdYhc4O3G7w', 'FUw_Ctrp5EM', 'O1aNuVYjXNM', 'EywIAz8fPnY', 'epgVJT9Wa-k', 'FR1Jx9z7x-w', 'dQsaSdzfUAM', 'UYlKgcRkiqA', 'pSB6xNpqtGI', 'woJX0eBOdnA', '18m2lUoNygo', 'bQVrGvGqCQ0', '8HeAIXGQMA4', 'nsi008avBfo', 'wMyYCJBlZTQ', '_h4ioMa7rOs', 'dmthwYTEL0M', 'eTdHGjC0U08', 'dfEWw95coak', '8pbu-uJlJ9E', '6Kms924WLeg', 'yn_qCnOh9xk', '8rVzrPzhXnA', 'ZR7_D1V3zD0']"
